/Users/nothingtodo/IdeaProjects/seupd2526-nexa/code/scripts/.venv/lib/python3.9/site-packages/urllib3/__init__.py:35: NotOpenSSLWarning: urllib3 v2 only supports OpenSSL 1.1.1+, currently the 'ssl' module is compiled with 'LibreSSL 2.8.3'. See: https://github.com/urllib3/urllib3/issues/3020
  warnings.warn(
Loading checkpoint shards:   0%|          | 0/2 [00:00<?, ?it/s]Loading checkpoint shards:  50%|█████     | 1/2 [00:00<00:00,  8.64it/s]Loading checkpoint shards: 100%|██████████| 2/2 [00:00<00:00, 11.76it/s]
Using a slow image processor as `use_fast` is unset and a slow processor was saved with this model. `use_fast=True` will be the default behavior in v4.52, even if the model was saved with a slow processor. This will result in minor differences in outputs. You'll still be able to use a slow processor with `use_fast=False`.
Device set to use mps:0
Setting `pad_token_id` to `eos_token_id`:1 for open-end generation.
Setting `pad_token_id` to `eos_token_id`:1 for open-end generation.
Setting `pad_token_id` to `eos_token_id`:1 for open-end generation.
Setting `pad_token_id` to `eos_token_id`:1 for open-end generation.
Setting `pad_token_id` to `eos_token_id`:1 for open-end generation.
Setting `pad_token_id` to `eos_token_id`:1 for open-end generation.
Setting `pad_token_id` to `eos_token_id`:1 for open-end generation.
Setting `pad_token_id` to `eos_token_id`:1 for open-end generation.
Setting `pad_token_id` to `eos_token_id`:1 for open-end generation.
Setting `pad_token_id` to `eos_token_id`:1 for open-end generation.
Setting `pad_token_id` to `eos_token_id`:1 for open-end generation.
Setting `pad_token_id` to `eos_token_id`:1 for open-end generation.
Setting `pad_token_id` to `eos_token_id`:1 for open-end generation.
Setting `pad_token_id` to `eos_token_id`:1 for open-end generation.
Setting `pad_token_id` to `eos_token_id`:1 for open-end generation.
Setting `pad_token_id` to `eos_token_id`:1 for open-end generation.
Setting `pad_token_id` to `eos_token_id`:1 for open-end generation.
Setting `pad_token_id` to `eos_token_id`:1 for open-end generation.
Setting `pad_token_id` to `eos_token_id`:1 for open-end generation.
Setting `pad_token_id` to `eos_token_id`:1 for open-end generation.
Setting `pad_token_id` to `eos_token_id`:1 for open-end generation.
Setting `pad_token_id` to `eos_token_id`:1 for open-end generation.
Setting `pad_token_id` to `eos_token_id`:1 for open-end generation.
Setting `pad_token_id` to `eos_token_id`:1 for open-end generation.
Setting `pad_token_id` to `eos_token_id`:1 for open-end generation.
Setting `pad_token_id` to `eos_token_id`:1 for open-end generation.
Setting `pad_token_id` to `eos_token_id`:1 for open-end generation.
Setting `pad_token_id` to `eos_token_id`:1 for open-end generation.
Setting `pad_token_id` to `eos_token_id`:1 for open-end generation.
Setting `pad_token_id` to `eos_token_id`:1 for open-end generation.
Setting `pad_token_id` to `eos_token_id`:1 for open-end generation.
Setting `pad_token_id` to `eos_token_id`:1 for open-end generation.
Setting `pad_token_id` to `eos_token_id`:1 for open-end generation.
Setting `pad_token_id` to `eos_token_id`:1 for open-end generation.
Setting `pad_token_id` to `eos_token_id`:1 for open-end generation.
Setting `pad_token_id` to `eos_token_id`:1 for open-end generation.
Setting `pad_token_id` to `eos_token_id`:1 for open-end generation.
Setting `pad_token_id` to `eos_token_id`:1 for open-end generation.
Setting `pad_token_id` to `eos_token_id`:1 for open-end generation.
Setting `pad_token_id` to `eos_token_id`:1 for open-end generation.
Setting `pad_token_id` to `eos_token_id`:1 for open-end generation.
Setting `pad_token_id` to `eos_token_id`:1 for open-end generation.
Setting `pad_token_id` to `eos_token_id`:1 for open-end generation.
Setting `pad_token_id` to `eos_token_id`:1 for open-end generation.
Setting `pad_token_id` to `eos_token_id`:1 for open-end generation.
Setting `pad_token_id` to `eos_token_id`:1 for open-end generation.
Setting `pad_token_id` to `eos_token_id`:1 for open-end generation.
Setting `pad_token_id` to `eos_token_id`:1 for open-end generation.
Setting `pad_token_id` to `eos_token_id`:1 for open-end generation.
Setting `pad_token_id` to `eos_token_id`:1 for open-end generation.
Setting `pad_token_id` to `eos_token_id`:1 for open-end generation.
Setting `pad_token_id` to `eos_token_id`:1 for open-end generation.
Setting `pad_token_id` to `eos_token_id`:1 for open-end generation.
Setting `pad_token_id` to `eos_token_id`:1 for open-end generation.
Setting `pad_token_id` to `eos_token_id`:1 for open-end generation.
Setting `pad_token_id` to `eos_token_id`:1 for open-end generation.
Setting `pad_token_id` to `eos_token_id`:1 for open-end generation.
Setting `pad_token_id` to `eos_token_id`:1 for open-end generation.
Setting `pad_token_id` to `eos_token_id`:1 for open-end generation.
Setting `pad_token_id` to `eos_token_id`:1 for open-end generation.
Setting `pad_token_id` to `eos_token_id`:1 for open-end generation.
Setting `pad_token_id` to `eos_token_id`:1 for open-end generation.
Setting `pad_token_id` to `eos_token_id`:1 for open-end generation.
Setting `pad_token_id` to `eos_token_id`:1 for open-end generation.
Setting `pad_token_id` to `eos_token_id`:1 for open-end generation.
Setting `pad_token_id` to `eos_token_id`:1 for open-end generation.
Setting `pad_token_id` to `eos_token_id`:1 for open-end generation.
Setting `pad_token_id` to `eos_token_id`:1 for open-end generation.
Setting `pad_token_id` to `eos_token_id`:1 for open-end generation.
Setting `pad_token_id` to `eos_token_id`:1 for open-end generation.
Setting `pad_token_id` to `eos_token_id`:1 for open-end generation.
Setting `pad_token_id` to `eos_token_id`:1 for open-end generation.
Setting `pad_token_id` to `eos_token_id`:1 for open-end generation.
Setting `pad_token_id` to `eos_token_id`:1 for open-end generation.
Setting `pad_token_id` to `eos_token_id`:1 for open-end generation.
Setting `pad_token_id` to `eos_token_id`:1 for open-end generation.
Setting `pad_token_id` to `eos_token_id`:1 for open-end generation.
Setting `pad_token_id` to `eos_token_id`:1 for open-end generation.
Setting `pad_token_id` to `eos_token_id`:1 for open-end generation.
Setting `pad_token_id` to `eos_token_id`:1 for open-end generation.
Setting `pad_token_id` to `eos_token_id`:1 for open-end generation.
Setting `pad_token_id` to `eos_token_id`:1 for open-end generation.
Setting `pad_token_id` to `eos_token_id`:1 for open-end generation.
Setting `pad_token_id` to `eos_token_id`:1 for open-end generation.
Setting `pad_token_id` to `eos_token_id`:1 for open-end generation.
Setting `pad_token_id` to `eos_token_id`:1 for open-end generation.
Setting `pad_token_id` to `eos_token_id`:1 for open-end generation.
Setting `pad_token_id` to `eos_token_id`:1 for open-end generation.
Setting `pad_token_id` to `eos_token_id`:1 for open-end generation.
Setting `pad_token_id` to `eos_token_id`:1 for open-end generation.
Setting `pad_token_id` to `eos_token_id`:1 for open-end generation.
Setting `pad_token_id` to `eos_token_id`:1 for open-end generation.
Setting `pad_token_id` to `eos_token_id`:1 for open-end generation.
Setting `pad_token_id` to `eos_token_id`:1 for open-end generation.
Setting `pad_token_id` to `eos_token_id`:1 for open-end generation.
Setting `pad_token_id` to `eos_token_id`:1 for open-end generation.
Setting `pad_token_id` to `eos_token_id`:1 for open-end generation.
Setting `pad_token_id` to `eos_token_id`:1 for open-end generation.
Setting `pad_token_id` to `eos_token_id`:1 for open-end generation.
Setting `pad_token_id` to `eos_token_id`:1 for open-end generation.
Setting `pad_token_id` to `eos_token_id`:1 for open-end generation.
Setting `pad_token_id` to `eos_token_id`:1 for open-end generation.
Setting `pad_token_id` to `eos_token_id`:1 for open-end generation.
Setting `pad_token_id` to `eos_token_id`:1 for open-end generation.
Setting `pad_token_id` to `eos_token_id`:1 for open-end generation.
Setting `pad_token_id` to `eos_token_id`:1 for open-end generation.
Setting `pad_token_id` to `eos_token_id`:1 for open-end generation.
Setting `pad_token_id` to `eos_token_id`:1 for open-end generation.
Setting `pad_token_id` to `eos_token_id`:1 for open-end generation.
Setting `pad_token_id` to `eos_token_id`:1 for open-end generation.
Setting `pad_token_id` to `eos_token_id`:1 for open-end generation.
Setting `pad_token_id` to `eos_token_id`:1 for open-end generation.
Setting `pad_token_id` to `eos_token_id`:1 for open-end generation.
Setting `pad_token_id` to `eos_token_id`:1 for open-end generation.
Setting `pad_token_id` to `eos_token_id`:1 for open-end generation.
Setting `pad_token_id` to `eos_token_id`:1 for open-end generation.
Setting `pad_token_id` to `eos_token_id`:1 for open-end generation.
Setting `pad_token_id` to `eos_token_id`:1 for open-end generation.
Setting `pad_token_id` to `eos_token_id`:1 for open-end generation.
Setting `pad_token_id` to `eos_token_id`:1 for open-end generation.
Setting `pad_token_id` to `eos_token_id`:1 for open-end generation.
Setting `pad_token_id` to `eos_token_id`:1 for open-end generation.
Setting `pad_token_id` to `eos_token_id`:1 for open-end generation.
Setting `pad_token_id` to `eos_token_id`:1 for open-end generation.
Setting `pad_token_id` to `eos_token_id`:1 for open-end generation.
Setting `pad_token_id` to `eos_token_id`:1 for open-end generation.
Setting `pad_token_id` to `eos_token_id`:1 for open-end generation.
Setting `pad_token_id` to `eos_token_id`:1 for open-end generation.
Setting `pad_token_id` to `eos_token_id`:1 for open-end generation.
Setting `pad_token_id` to `eos_token_id`:1 for open-end generation.
Setting `pad_token_id` to `eos_token_id`:1 for open-end generation.
Setting `pad_token_id` to `eos_token_id`:1 for open-end generation.
Setting `pad_token_id` to `eos_token_id`:1 for open-end generation.
Setting `pad_token_id` to `eos_token_id`:1 for open-end generation.
Setting `pad_token_id` to `eos_token_id`:1 for open-end generation.
Setting `pad_token_id` to `eos_token_id`:1 for open-end generation.
Setting `pad_token_id` to `eos_token_id`:1 for open-end generation.
Setting `pad_token_id` to `eos_token_id`:1 for open-end generation.
Setting `pad_token_id` to `eos_token_id`:1 for open-end generation.
Setting `pad_token_id` to `eos_token_id`:1 for open-end generation.
Setting `pad_token_id` to `eos_token_id`:1 for open-end generation.
Setting `pad_token_id` to `eos_token_id`:1 for open-end generation.
Setting `pad_token_id` to `eos_token_id`:1 for open-end generation.
Setting `pad_token_id` to `eos_token_id`:1 for open-end generation.
Setting `pad_token_id` to `eos_token_id`:1 for open-end generation.
Setting `pad_token_id` to `eos_token_id`:1 for open-end generation.
Setting `pad_token_id` to `eos_token_id`:1 for open-end generation.
Setting `pad_token_id` to `eos_token_id`:1 for open-end generation.
Setting `pad_token_id` to `eos_token_id`:1 for open-end generation.
Setting `pad_token_id` to `eos_token_id`:1 for open-end generation.
Setting `pad_token_id` to `eos_token_id`:1 for open-end generation.
Setting `pad_token_id` to `eos_token_id`:1 for open-end generation.
Setting `pad_token_id` to `eos_token_id`:1 for open-end generation.
Setting `pad_token_id` to `eos_token_id`:1 for open-end generation.
Setting `pad_token_id` to `eos_token_id`:1 for open-end generation.
Setting `pad_token_id` to `eos_token_id`:1 for open-end generation.
Setting `pad_token_id` to `eos_token_id`:1 for open-end generation.
Setting `pad_token_id` to `eos_token_id`:1 for open-end generation.
Setting `pad_token_id` to `eos_token_id`:1 for open-end generation.
Setting `pad_token_id` to `eos_token_id`:1 for open-end generation.
Setting `pad_token_id` to `eos_token_id`:1 for open-end generation.
Setting `pad_token_id` to `eos_token_id`:1 for open-end generation.
Setting `pad_token_id` to `eos_token_id`:1 for open-end generation.
Setting `pad_token_id` to `eos_token_id`:1 for open-end generation.
Setting `pad_token_id` to `eos_token_id`:1 for open-end generation.
Setting `pad_token_id` to `eos_token_id`:1 for open-end generation.
Setting `pad_token_id` to `eos_token_id`:1 for open-end generation.
Setting `pad_token_id` to `eos_token_id`:1 for open-end generation.
Setting `pad_token_id` to `eos_token_id`:1 for open-end generation.
Setting `pad_token_id` to `eos_token_id`:1 for open-end generation.
Setting `pad_token_id` to `eos_token_id`:1 for open-end generation.
Setting `pad_token_id` to `eos_token_id`:1 for open-end generation.
Setting `pad_token_id` to `eos_token_id`:1 for open-end generation.
Setting `pad_token_id` to `eos_token_id`:1 for open-end generation.
Setting `pad_token_id` to `eos_token_id`:1 for open-end generation.
Setting `pad_token_id` to `eos_token_id`:1 for open-end generation.
Setting `pad_token_id` to `eos_token_id`:1 for open-end generation.
Setting `pad_token_id` to `eos_token_id`:1 for open-end generation.
Setting `pad_token_id` to `eos_token_id`:1 for open-end generation.
Setting `pad_token_id` to `eos_token_id`:1 for open-end generation.
Setting `pad_token_id` to `eos_token_id`:1 for open-end generation.
Setting `pad_token_id` to `eos_token_id`:1 for open-end generation.
Setting `pad_token_id` to `eos_token_id`:1 for open-end generation.
Setting `pad_token_id` to `eos_token_id`:1 for open-end generation.
Setting `pad_token_id` to `eos_token_id`:1 for open-end generation.
Setting `pad_token_id` to `eos_token_id`:1 for open-end generation.
Setting `pad_token_id` to `eos_token_id`:1 for open-end generation.
Setting `pad_token_id` to `eos_token_id`:1 for open-end generation.
Setting `pad_token_id` to `eos_token_id`:1 for open-end generation.
Setting `pad_token_id` to `eos_token_id`:1 for open-end generation.
Setting `pad_token_id` to `eos_token_id`:1 for open-end generation.
Setting `pad_token_id` to `eos_token_id`:1 for open-end generation.
Setting `pad_token_id` to `eos_token_id`:1 for open-end generation.
Setting `pad_token_id` to `eos_token_id`:1 for open-end generation.
Setting `pad_token_id` to `eos_token_id`:1 for open-end generation.
Setting `pad_token_id` to `eos_token_id`:1 for open-end generation.
Setting `pad_token_id` to `eos_token_id`:1 for open-end generation.
Setting `pad_token_id` to `eos_token_id`:1 for open-end generation.
Setting `pad_token_id` to `eos_token_id`:1 for open-end generation.
Setting `pad_token_id` to `eos_token_id`:1 for open-end generation.
Setting `pad_token_id` to `eos_token_id`:1 for open-end generation.
Setting `pad_token_id` to `eos_token_id`:1 for open-end generation.
Setting `pad_token_id` to `eos_token_id`:1 for open-end generation.
Setting `pad_token_id` to `eos_token_id`:1 for open-end generation.
Setting `pad_token_id` to `eos_token_id`:1 for open-end generation.
Setting `pad_token_id` to `eos_token_id`:1 for open-end generation.
Setting `pad_token_id` to `eos_token_id`:1 for open-end generation.
Setting `pad_token_id` to `eos_token_id`:1 for open-end generation.
Setting `pad_token_id` to `eos_token_id`:1 for open-end generation.
Setting `pad_token_id` to `eos_token_id`:1 for open-end generation.
Setting `pad_token_id` to `eos_token_id`:1 for open-end generation.
Setting `pad_token_id` to `eos_token_id`:1 for open-end generation.
Setting `pad_token_id` to `eos_token_id`:1 for open-end generation.
Setting `pad_token_id` to `eos_token_id`:1 for open-end generation.
Setting `pad_token_id` to `eos_token_id`:1 for open-end generation.
Setting `pad_token_id` to `eos_token_id`:1 for open-end generation.
Setting `pad_token_id` to `eos_token_id`:1 for open-end generation.
Setting `pad_token_id` to `eos_token_id`:1 for open-end generation.
Setting `pad_token_id` to `eos_token_id`:1 for open-end generation.
Setting `pad_token_id` to `eos_token_id`:1 for open-end generation.
Setting `pad_token_id` to `eos_token_id`:1 for open-end generation.
Setting `pad_token_id` to `eos_token_id`:1 for open-end generation.
Setting `pad_token_id` to `eos_token_id`:1 for open-end generation.
Setting `pad_token_id` to `eos_token_id`:1 for open-end generation.
Setting `pad_token_id` to `eos_token_id`:1 for open-end generation.
Setting `pad_token_id` to `eos_token_id`:1 for open-end generation.
Setting `pad_token_id` to `eos_token_id`:1 for open-end generation.
Setting `pad_token_id` to `eos_token_id`:1 for open-end generation.
Setting `pad_token_id` to `eos_token_id`:1 for open-end generation.
Setting `pad_token_id` to `eos_token_id`:1 for open-end generation.
Setting `pad_token_id` to `eos_token_id`:1 for open-end generation.
Setting `pad_token_id` to `eos_token_id`:1 for open-end generation.
Setting `pad_token_id` to `eos_token_id`:1 for open-end generation.
Setting `pad_token_id` to `eos_token_id`:1 for open-end generation.
Setting `pad_token_id` to `eos_token_id`:1 for open-end generation.
Setting `pad_token_id` to `eos_token_id`:1 for open-end generation.
Setting `pad_token_id` to `eos_token_id`:1 for open-end generation.
Setting `pad_token_id` to `eos_token_id`:1 for open-end generation.
Setting `pad_token_id` to `eos_token_id`:1 for open-end generation.
Setting `pad_token_id` to `eos_token_id`:1 for open-end generation.
Setting `pad_token_id` to `eos_token_id`:1 for open-end generation.
Setting `pad_token_id` to `eos_token_id`:1 for open-end generation.
Setting `pad_token_id` to `eos_token_id`:1 for open-end generation.
Setting `pad_token_id` to `eos_token_id`:1 for open-end generation.
Setting `pad_token_id` to `eos_token_id`:1 for open-end generation.
Setting `pad_token_id` to `eos_token_id`:1 for open-end generation.
Setting `pad_token_id` to `eos_token_id`:1 for open-end generation.
Setting `pad_token_id` to `eos_token_id`:1 for open-end generation.
Setting `pad_token_id` to `eos_token_id`:1 for open-end generation.
Setting `pad_token_id` to `eos_token_id`:1 for open-end generation.
Setting `pad_token_id` to `eos_token_id`:1 for open-end generation.
Setting `pad_token_id` to `eos_token_id`:1 for open-end generation.
Setting `pad_token_id` to `eos_token_id`:1 for open-end generation.
Setting `pad_token_id` to `eos_token_id`:1 for open-end generation.
Setting `pad_token_id` to `eos_token_id`:1 for open-end generation.
Setting `pad_token_id` to `eos_token_id`:1 for open-end generation.
Setting `pad_token_id` to `eos_token_id`:1 for open-end generation.
Setting `pad_token_id` to `eos_token_id`:1 for open-end generation.
Setting `pad_token_id` to `eos_token_id`:1 for open-end generation.
Setting `pad_token_id` to `eos_token_id`:1 for open-end generation.
Setting `pad_token_id` to `eos_token_id`:1 for open-end generation.
Setting `pad_token_id` to `eos_token_id`:1 for open-end generation.
Setting `pad_token_id` to `eos_token_id`:1 for open-end generation.
Setting `pad_token_id` to `eos_token_id`:1 for open-end generation.
Setting `pad_token_id` to `eos_token_id`:1 for open-end generation.
Setting `pad_token_id` to `eos_token_id`:1 for open-end generation.
Setting `pad_token_id` to `eos_token_id`:1 for open-end generation.
Setting `pad_token_id` to `eos_token_id`:1 for open-end generation.
Setting `pad_token_id` to `eos_token_id`:1 for open-end generation.
Setting `pad_token_id` to `eos_token_id`:1 for open-end generation.
Setting `pad_token_id` to `eos_token_id`:1 for open-end generation.
Setting `pad_token_id` to `eos_token_id`:1 for open-end generation.
Setting `pad_token_id` to `eos_token_id`:1 for open-end generation.
Setting `pad_token_id` to `eos_token_id`:1 for open-end generation.
Setting `pad_token_id` to `eos_token_id`:1 for open-end generation.
Setting `pad_token_id` to `eos_token_id`:1 for open-end generation.
Setting `pad_token_id` to `eos_token_id`:1 for open-end generation.
Setting `pad_token_id` to `eos_token_id`:1 for open-end generation.
Setting `pad_token_id` to `eos_token_id`:1 for open-end generation.
Setting `pad_token_id` to `eos_token_id`:1 for open-end generation.
Setting `pad_token_id` to `eos_token_id`:1 for open-end generation.
Setting `pad_token_id` to `eos_token_id`:1 for open-end generation.
Setting `pad_token_id` to `eos_token_id`:1 for open-end generation.
Setting `pad_token_id` to `eos_token_id`:1 for open-end generation.
Setting `pad_token_id` to `eos_token_id`:1 for open-end generation.
Setting `pad_token_id` to `eos_token_id`:1 for open-end generation.
Setting `pad_token_id` to `eos_token_id`:1 for open-end generation.
Setting `pad_token_id` to `eos_token_id`:1 for open-end generation.
Setting `pad_token_id` to `eos_token_id`:1 for open-end generation.
Setting `pad_token_id` to `eos_token_id`:1 for open-end generation.
Setting `pad_token_id` to `eos_token_id`:1 for open-end generation.
Setting `pad_token_id` to `eos_token_id`:1 for open-end generation.
Setting `pad_token_id` to `eos_token_id`:1 for open-end generation.
Setting `pad_token_id` to `eos_token_id`:1 for open-end generation.
Setting `pad_token_id` to `eos_token_id`:1 for open-end generation.
Setting `pad_token_id` to `eos_token_id`:1 for open-end generation.
Setting `pad_token_id` to `eos_token_id`:1 for open-end generation.
Setting `pad_token_id` to `eos_token_id`:1 for open-end generation.
Setting `pad_token_id` to `eos_token_id`:1 for open-end generation.
Setting `pad_token_id` to `eos_token_id`:1 for open-end generation.
Setting `pad_token_id` to `eos_token_id`:1 for open-end generation.
Setting `pad_token_id` to `eos_token_id`:1 for open-end generation.
Setting `pad_token_id` to `eos_token_id`:1 for open-end generation.
Setting `pad_token_id` to `eos_token_id`:1 for open-end generation.
Setting `pad_token_id` to `eos_token_id`:1 for open-end generation.
Setting `pad_token_id` to `eos_token_id`:1 for open-end generation.
Setting `pad_token_id` to `eos_token_id`:1 for open-end generation.
Setting `pad_token_id` to `eos_token_id`:1 for open-end generation.
Setting `pad_token_id` to `eos_token_id`:1 for open-end generation.
Setting `pad_token_id` to `eos_token_id`:1 for open-end generation.
Setting `pad_token_id` to `eos_token_id`:1 for open-end generation.
Setting `pad_token_id` to `eos_token_id`:1 for open-end generation.
Setting `pad_token_id` to `eos_token_id`:1 for open-end generation.
Setting `pad_token_id` to `eos_token_id`:1 for open-end generation.
Setting `pad_token_id` to `eos_token_id`:1 for open-end generation.
Setting `pad_token_id` to `eos_token_id`:1 for open-end generation.
Setting `pad_token_id` to `eos_token_id`:1 for open-end generation.
Setting `pad_token_id` to `eos_token_id`:1 for open-end generation.
Setting `pad_token_id` to `eos_token_id`:1 for open-end generation.
Setting `pad_token_id` to `eos_token_id`:1 for open-end generation.
Setting `pad_token_id` to `eos_token_id`:1 for open-end generation.
Setting `pad_token_id` to `eos_token_id`:1 for open-end generation.
Setting `pad_token_id` to `eos_token_id`:1 for open-end generation.
Setting `pad_token_id` to `eos_token_id`:1 for open-end generation.
Setting `pad_token_id` to `eos_token_id`:1 for open-end generation.
Setting `pad_token_id` to `eos_token_id`:1 for open-end generation.
Setting `pad_token_id` to `eos_token_id`:1 for open-end generation.
Setting `pad_token_id` to `eos_token_id`:1 for open-end generation.
Setting `pad_token_id` to `eos_token_id`:1 for open-end generation.
Setting `pad_token_id` to `eos_token_id`:1 for open-end generation.
Setting `pad_token_id` to `eos_token_id`:1 for open-end generation.
Setting `pad_token_id` to `eos_token_id`:1 for open-end generation.
Setting `pad_token_id` to `eos_token_id`:1 for open-end generation.
Setting `pad_token_id` to `eos_token_id`:1 for open-end generation.
Setting `pad_token_id` to `eos_token_id`:1 for open-end generation.
Setting `pad_token_id` to `eos_token_id`:1 for open-end generation.
Setting `pad_token_id` to `eos_token_id`:1 for open-end generation.
Setting `pad_token_id` to `eos_token_id`:1 for open-end generation.
Setting `pad_token_id` to `eos_token_id`:1 for open-end generation.
Setting `pad_token_id` to `eos_token_id`:1 for open-end generation.
Setting `pad_token_id` to `eos_token_id`:1 for open-end generation.
Setting `pad_token_id` to `eos_token_id`:1 for open-end generation.
Setting `pad_token_id` to `eos_token_id`:1 for open-end generation.
Setting `pad_token_id` to `eos_token_id`:1 for open-end generation.
Setting `pad_token_id` to `eos_token_id`:1 for open-end generation.
Setting `pad_token_id` to `eos_token_id`:1 for open-end generation.
Setting `pad_token_id` to `eos_token_id`:1 for open-end generation.
Setting `pad_token_id` to `eos_token_id`:1 for open-end generation.
Setting `pad_token_id` to `eos_token_id`:1 for open-end generation.
Setting `pad_token_id` to `eos_token_id`:1 for open-end generation.
Setting `pad_token_id` to `eos_token_id`:1 for open-end generation.
Setting `pad_token_id` to `eos_token_id`:1 for open-end generation.
Setting `pad_token_id` to `eos_token_id`:1 for open-end generation.
Setting `pad_token_id` to `eos_token_id`:1 for open-end generation.
Setting `pad_token_id` to `eos_token_id`:1 for open-end generation.
Setting `pad_token_id` to `eos_token_id`:1 for open-end generation.
Setting `pad_token_id` to `eos_token_id`:1 for open-end generation.
Setting `pad_token_id` to `eos_token_id`:1 for open-end generation.
Setting `pad_token_id` to `eos_token_id`:1 for open-end generation.
Setting `pad_token_id` to `eos_token_id`:1 for open-end generation.
Setting `pad_token_id` to `eos_token_id`:1 for open-end generation.
Setting `pad_token_id` to `eos_token_id`:1 for open-end generation.
Setting `pad_token_id` to `eos_token_id`:1 for open-end generation.
Setting `pad_token_id` to `eos_token_id`:1 for open-end generation.
Setting `pad_token_id` to `eos_token_id`:1 for open-end generation.
Setting `pad_token_id` to `eos_token_id`:1 for open-end generation.
Setting `pad_token_id` to `eos_token_id`:1 for open-end generation.
Setting `pad_token_id` to `eos_token_id`:1 for open-end generation.
Setting `pad_token_id` to `eos_token_id`:1 for open-end generation.
Setting `pad_token_id` to `eos_token_id`:1 for open-end generation.
Setting `pad_token_id` to `eos_token_id`:1 for open-end generation.
Setting `pad_token_id` to `eos_token_id`:1 for open-end generation.
Setting `pad_token_id` to `eos_token_id`:1 for open-end generation.
Setting `pad_token_id` to `eos_token_id`:1 for open-end generation.
Setting `pad_token_id` to `eos_token_id`:1 for open-end generation.
Setting `pad_token_id` to `eos_token_id`:1 for open-end generation.
Setting `pad_token_id` to `eos_token_id`:1 for open-end generation.
Setting `pad_token_id` to `eos_token_id`:1 for open-end generation.
Setting `pad_token_id` to `eos_token_id`:1 for open-end generation.
Setting `pad_token_id` to `eos_token_id`:1 for open-end generation.
Setting `pad_token_id` to `eos_token_id`:1 for open-end generation.
Setting `pad_token_id` to `eos_token_id`:1 for open-end generation.
Setting `pad_token_id` to `eos_token_id`:1 for open-end generation.
Setting `pad_token_id` to `eos_token_id`:1 for open-end generation.
Setting `pad_token_id` to `eos_token_id`:1 for open-end generation.
Setting `pad_token_id` to `eos_token_id`:1 for open-end generation.
Setting `pad_token_id` to `eos_token_id`:1 for open-end generation.
Setting `pad_token_id` to `eos_token_id`:1 for open-end generation.
Setting `pad_token_id` to `eos_token_id`:1 for open-end generation.
Setting `pad_token_id` to `eos_token_id`:1 for open-end generation.
Setting `pad_token_id` to `eos_token_id`:1 for open-end generation.
Setting `pad_token_id` to `eos_token_id`:1 for open-end generation.
Setting `pad_token_id` to `eos_token_id`:1 for open-end generation.
Setting `pad_token_id` to `eos_token_id`:1 for open-end generation.
Setting `pad_token_id` to `eos_token_id`:1 for open-end generation.
Setting `pad_token_id` to `eos_token_id`:1 for open-end generation.
Setting `pad_token_id` to `eos_token_id`:1 for open-end generation.
Setting `pad_token_id` to `eos_token_id`:1 for open-end generation.
Setting `pad_token_id` to `eos_token_id`:1 for open-end generation.
Setting `pad_token_id` to `eos_token_id`:1 for open-end generation.
Setting `pad_token_id` to `eos_token_id`:1 for open-end generation.
Setting `pad_token_id` to `eos_token_id`:1 for open-end generation.
Setting `pad_token_id` to `eos_token_id`:1 for open-end generation.
Setting `pad_token_id` to `eos_token_id`:1 for open-end generation.
Setting `pad_token_id` to `eos_token_id`:1 for open-end generation.
Setting `pad_token_id` to `eos_token_id`:1 for open-end generation.
Setting `pad_token_id` to `eos_token_id`:1 for open-end generation.
Setting `pad_token_id` to `eos_token_id`:1 for open-end generation.
Setting `pad_token_id` to `eos_token_id`:1 for open-end generation.
Setting `pad_token_id` to `eos_token_id`:1 for open-end generation.
Setting `pad_token_id` to `eos_token_id`:1 for open-end generation.
Setting `pad_token_id` to `eos_token_id`:1 for open-end generation.
Setting `pad_token_id` to `eos_token_id`:1 for open-end generation.
Setting `pad_token_id` to `eos_token_id`:1 for open-end generation.
Setting `pad_token_id` to `eos_token_id`:1 for open-end generation.
Setting `pad_token_id` to `eos_token_id`:1 for open-end generation.
Setting `pad_token_id` to `eos_token_id`:1 for open-end generation.
Setting `pad_token_id` to `eos_token_id`:1 for open-end generation.
Setting `pad_token_id` to `eos_token_id`:1 for open-end generation.
Setting `pad_token_id` to `eos_token_id`:1 for open-end generation.
Setting `pad_token_id` to `eos_token_id`:1 for open-end generation.
Setting `pad_token_id` to `eos_token_id`:1 for open-end generation.
Setting `pad_token_id` to `eos_token_id`:1 for open-end generation.
Setting `pad_token_id` to `eos_token_id`:1 for open-end generation.
Setting `pad_token_id` to `eos_token_id`:1 for open-end generation.
Setting `pad_token_id` to `eos_token_id`:1 for open-end generation.
Setting `pad_token_id` to `eos_token_id`:1 for open-end generation.
Setting `pad_token_id` to `eos_token_id`:1 for open-end generation.
Setting `pad_token_id` to `eos_token_id`:1 for open-end generation.
Setting `pad_token_id` to `eos_token_id`:1 for open-end generation.
Setting `pad_token_id` to `eos_token_id`:1 for open-end generation.
Setting `pad_token_id` to `eos_token_id`:1 for open-end generation.
Setting `pad_token_id` to `eos_token_id`:1 for open-end generation.
Setting `pad_token_id` to `eos_token_id`:1 for open-end generation.
Setting `pad_token_id` to `eos_token_id`:1 for open-end generation.
Setting `pad_token_id` to `eos_token_id`:1 for open-end generation.
Setting `pad_token_id` to `eos_token_id`:1 for open-end generation.
Setting `pad_token_id` to `eos_token_id`:1 for open-end generation.
Setting `pad_token_id` to `eos_token_id`:1 for open-end generation.
Setting `pad_token_id` to `eos_token_id`:1 for open-end generation.
Setting `pad_token_id` to `eos_token_id`:1 for open-end generation.
Setting `pad_token_id` to `eos_token_id`:1 for open-end generation.
Setting `pad_token_id` to `eos_token_id`:1 for open-end generation.
Setting `pad_token_id` to `eos_token_id`:1 for open-end generation.
Setting `pad_token_id` to `eos_token_id`:1 for open-end generation.
Setting `pad_token_id` to `eos_token_id`:1 for open-end generation.
Setting `pad_token_id` to `eos_token_id`:1 for open-end generation.
Setting `pad_token_id` to `eos_token_id`:1 for open-end generation.
Setting `pad_token_id` to `eos_token_id`:1 for open-end generation.
Setting `pad_token_id` to `eos_token_id`:1 for open-end generation.
Setting `pad_token_id` to `eos_token_id`:1 for open-end generation.
Setting `pad_token_id` to `eos_token_id`:1 for open-end generation.
Setting `pad_token_id` to `eos_token_id`:1 for open-end generation.
Setting `pad_token_id` to `eos_token_id`:1 for open-end generation.
Setting `pad_token_id` to `eos_token_id`:1 for open-end generation.
Setting `pad_token_id` to `eos_token_id`:1 for open-end generation.
Setting `pad_token_id` to `eos_token_id`:1 for open-end generation.
Setting `pad_token_id` to `eos_token_id`:1 for open-end generation.
Setting `pad_token_id` to `eos_token_id`:1 for open-end generation.
Setting `pad_token_id` to `eos_token_id`:1 for open-end generation.
Setting `pad_token_id` to `eos_token_id`:1 for open-end generation.
Setting `pad_token_id` to `eos_token_id`:1 for open-end generation.
Setting `pad_token_id` to `eos_token_id`:1 for open-end generation.
Setting `pad_token_id` to `eos_token_id`:1 for open-end generation.
Setting `pad_token_id` to `eos_token_id`:1 for open-end generation.
Setting `pad_token_id` to `eos_token_id`:1 for open-end generation.
Setting `pad_token_id` to `eos_token_id`:1 for open-end generation.
Setting `pad_token_id` to `eos_token_id`:1 for open-end generation.
Setting `pad_token_id` to `eos_token_id`:1 for open-end generation.
Setting `pad_token_id` to `eos_token_id`:1 for open-end generation.
Setting `pad_token_id` to `eos_token_id`:1 for open-end generation.
Setting `pad_token_id` to `eos_token_id`:1 for open-end generation.
Setting `pad_token_id` to `eos_token_id`:1 for open-end generation.
Setting `pad_token_id` to `eos_token_id`:1 for open-end generation.
Setting `pad_token_id` to `eos_token_id`:1 for open-end generation.
Setting `pad_token_id` to `eos_token_id`:1 for open-end generation.
Setting `pad_token_id` to `eos_token_id`:1 for open-end generation.
Setting `pad_token_id` to `eos_token_id`:1 for open-end generation.
Setting `pad_token_id` to `eos_token_id`:1 for open-end generation.
Setting `pad_token_id` to `eos_token_id`:1 for open-end generation.
Setting `pad_token_id` to `eos_token_id`:1 for open-end generation.
Setting `pad_token_id` to `eos_token_id`:1 for open-end generation.
Setting `pad_token_id` to `eos_token_id`:1 for open-end generation.
Setting `pad_token_id` to `eos_token_id`:1 for open-end generation.
Setting `pad_token_id` to `eos_token_id`:1 for open-end generation.
Setting `pad_token_id` to `eos_token_id`:1 for open-end generation.
Setting `pad_token_id` to `eos_token_id`:1 for open-end generation.
Setting `pad_token_id` to `eos_token_id`:1 for open-end generation.
Setting `pad_token_id` to `eos_token_id`:1 for open-end generation.
Setting `pad_token_id` to `eos_token_id`:1 for open-end generation.
Setting `pad_token_id` to `eos_token_id`:1 for open-end generation.
Setting `pad_token_id` to `eos_token_id`:1 for open-end generation.
Setting `pad_token_id` to `eos_token_id`:1 for open-end generation.
Setting `pad_token_id` to `eos_token_id`:1 for open-end generation.
Setting `pad_token_id` to `eos_token_id`:1 for open-end generation.
Setting `pad_token_id` to `eos_token_id`:1 for open-end generation.
Setting `pad_token_id` to `eos_token_id`:1 for open-end generation.
Setting `pad_token_id` to `eos_token_id`:1 for open-end generation.
Setting `pad_token_id` to `eos_token_id`:1 for open-end generation.
Setting `pad_token_id` to `eos_token_id`:1 for open-end generation.
Setting `pad_token_id` to `eos_token_id`:1 for open-end generation.
Setting `pad_token_id` to `eos_token_id`:1 for open-end generation.
Setting `pad_token_id` to `eos_token_id`:1 for open-end generation.
Setting `pad_token_id` to `eos_token_id`:1 for open-end generation.
Setting `pad_token_id` to `eos_token_id`:1 for open-end generation.
Setting `pad_token_id` to `eos_token_id`:1 for open-end generation.
Setting `pad_token_id` to `eos_token_id`:1 for open-end generation.
Setting `pad_token_id` to `eos_token_id`:1 for open-end generation.
Setting `pad_token_id` to `eos_token_id`:1 for open-end generation.
Setting `pad_token_id` to `eos_token_id`:1 for open-end generation.
Setting `pad_token_id` to `eos_token_id`:1 for open-end generation.
Setting `pad_token_id` to `eos_token_id`:1 for open-end generation.
Setting `pad_token_id` to `eos_token_id`:1 for open-end generation.
Setting `pad_token_id` to `eos_token_id`:1 for open-end generation.
Setting `pad_token_id` to `eos_token_id`:1 for open-end generation.
Setting `pad_token_id` to `eos_token_id`:1 for open-end generation.
Setting `pad_token_id` to `eos_token_id`:1 for open-end generation.
Setting `pad_token_id` to `eos_token_id`:1 for open-end generation.
Setting `pad_token_id` to `eos_token_id`:1 for open-end generation.
Setting `pad_token_id` to `eos_token_id`:1 for open-end generation.
Setting `pad_token_id` to `eos_token_id`:1 for open-end generation.
Setting `pad_token_id` to `eos_token_id`:1 for open-end generation.
Setting `pad_token_id` to `eos_token_id`:1 for open-end generation.
Setting `pad_token_id` to `eos_token_id`:1 for open-end generation.
Setting `pad_token_id` to `eos_token_id`:1 for open-end generation.
Setting `pad_token_id` to `eos_token_id`:1 for open-end generation.
Setting `pad_token_id` to `eos_token_id`:1 for open-end generation.
Setting `pad_token_id` to `eos_token_id`:1 for open-end generation.
Setting `pad_token_id` to `eos_token_id`:1 for open-end generation.
Setting `pad_token_id` to `eos_token_id`:1 for open-end generation.
Setting `pad_token_id` to `eos_token_id`:1 for open-end generation.
Setting `pad_token_id` to `eos_token_id`:1 for open-end generation.
Setting `pad_token_id` to `eos_token_id`:1 for open-end generation.
Setting `pad_token_id` to `eos_token_id`:1 for open-end generation.
Setting `pad_token_id` to `eos_token_id`:1 for open-end generation.
Setting `pad_token_id` to `eos_token_id`:1 for open-end generation.
Setting `pad_token_id` to `eos_token_id`:1 for open-end generation.
Setting `pad_token_id` to `eos_token_id`:1 for open-end generation.
Setting `pad_token_id` to `eos_token_id`:1 for open-end generation.
Setting `pad_token_id` to `eos_token_id`:1 for open-end generation.
Setting `pad_token_id` to `eos_token_id`:1 for open-end generation.
Setting `pad_token_id` to `eos_token_id`:1 for open-end generation.
Setting `pad_token_id` to `eos_token_id`:1 for open-end generation.
Setting `pad_token_id` to `eos_token_id`:1 for open-end generation.
Setting `pad_token_id` to `eos_token_id`:1 for open-end generation.
Setting `pad_token_id` to `eos_token_id`:1 for open-end generation.
Setting `pad_token_id` to `eos_token_id`:1 for open-end generation.
Setting `pad_token_id` to `eos_token_id`:1 for open-end generation.
Setting `pad_token_id` to `eos_token_id`:1 for open-end generation.
Setting `pad_token_id` to `eos_token_id`:1 for open-end generation.
Setting `pad_token_id` to `eos_token_id`:1 for open-end generation.
Setting `pad_token_id` to `eos_token_id`:1 for open-end generation.
Setting `pad_token_id` to `eos_token_id`:1 for open-end generation.
Setting `pad_token_id` to `eos_token_id`:1 for open-end generation.
Setting `pad_token_id` to `eos_token_id`:1 for open-end generation.
Setting `pad_token_id` to `eos_token_id`:1 for open-end generation.
Setting `pad_token_id` to `eos_token_id`:1 for open-end generation.
Setting `pad_token_id` to `eos_token_id`:1 for open-end generation.
Setting `pad_token_id` to `eos_token_id`:1 for open-end generation.
Setting `pad_token_id` to `eos_token_id`:1 for open-end generation.
Setting `pad_token_id` to `eos_token_id`:1 for open-end generation.
Setting `pad_token_id` to `eos_token_id`:1 for open-end generation.
Setting `pad_token_id` to `eos_token_id`:1 for open-end generation.
Setting `pad_token_id` to `eos_token_id`:1 for open-end generation.
Setting `pad_token_id` to `eos_token_id`:1 for open-end generation.
Setting `pad_token_id` to `eos_token_id`:1 for open-end generation.
Setting `pad_token_id` to `eos_token_id`:1 for open-end generation.
Setting `pad_token_id` to `eos_token_id`:1 for open-end generation.
Setting `pad_token_id` to `eos_token_id`:1 for open-end generation.
Setting `pad_token_id` to `eos_token_id`:1 for open-end generation.
Setting `pad_token_id` to `eos_token_id`:1 for open-end generation.
Setting `pad_token_id` to `eos_token_id`:1 for open-end generation.
Setting `pad_token_id` to `eos_token_id`:1 for open-end generation.
Setting `pad_token_id` to `eos_token_id`:1 for open-end generation.
Setting `pad_token_id` to `eos_token_id`:1 for open-end generation.
Setting `pad_token_id` to `eos_token_id`:1 for open-end generation.
Setting `pad_token_id` to `eos_token_id`:1 for open-end generation.
Setting `pad_token_id` to `eos_token_id`:1 for open-end generation.
Setting `pad_token_id` to `eos_token_id`:1 for open-end generation.
Setting `pad_token_id` to `eos_token_id`:1 for open-end generation.
Setting `pad_token_id` to `eos_token_id`:1 for open-end generation.
Setting `pad_token_id` to `eos_token_id`:1 for open-end generation.
Setting `pad_token_id` to `eos_token_id`:1 for open-end generation.
Setting `pad_token_id` to `eos_token_id`:1 for open-end generation.
Setting `pad_token_id` to `eos_token_id`:1 for open-end generation.
Setting `pad_token_id` to `eos_token_id`:1 for open-end generation.
Setting `pad_token_id` to `eos_token_id`:1 for open-end generation.
Setting `pad_token_id` to `eos_token_id`:1 for open-end generation.
Setting `pad_token_id` to `eos_token_id`:1 for open-end generation.
Setting `pad_token_id` to `eos_token_id`:1 for open-end generation.
Setting `pad_token_id` to `eos_token_id`:1 for open-end generation.
Setting `pad_token_id` to `eos_token_id`:1 for open-end generation.
Setting `pad_token_id` to `eos_token_id`:1 for open-end generation.
Setting `pad_token_id` to `eos_token_id`:1 for open-end generation.
Setting `pad_token_id` to `eos_token_id`:1 for open-end generation.
Setting `pad_token_id` to `eos_token_id`:1 for open-end generation.
Setting `pad_token_id` to `eos_token_id`:1 for open-end generation.
Setting `pad_token_id` to `eos_token_id`:1 for open-end generation.
Setting `pad_token_id` to `eos_token_id`:1 for open-end generation.
Setting `pad_token_id` to `eos_token_id`:1 for open-end generation.
Setting `pad_token_id` to `eos_token_id`:1 for open-end generation.
Setting `pad_token_id` to `eos_token_id`:1 for open-end generation.
Setting `pad_token_id` to `eos_token_id`:1 for open-end generation.
Setting `pad_token_id` to `eos_token_id`:1 for open-end generation.
Setting `pad_token_id` to `eos_token_id`:1 for open-end generation.
Setting `pad_token_id` to `eos_token_id`:1 for open-end generation.
Setting `pad_token_id` to `eos_token_id`:1 for open-end generation.
Setting `pad_token_id` to `eos_token_id`:1 for open-end generation.
Setting `pad_token_id` to `eos_token_id`:1 for open-end generation.
Setting `pad_token_id` to `eos_token_id`:1 for open-end generation.
Setting `pad_token_id` to `eos_token_id`:1 for open-end generation.
Setting `pad_token_id` to `eos_token_id`:1 for open-end generation.
Setting `pad_token_id` to `eos_token_id`:1 for open-end generation.
Setting `pad_token_id` to `eos_token_id`:1 for open-end generation.
Setting `pad_token_id` to `eos_token_id`:1 for open-end generation.
Setting `pad_token_id` to `eos_token_id`:1 for open-end generation.
Setting `pad_token_id` to `eos_token_id`:1 for open-end generation.
Setting `pad_token_id` to `eos_token_id`:1 for open-end generation.
Setting `pad_token_id` to `eos_token_id`:1 for open-end generation.
Setting `pad_token_id` to `eos_token_id`:1 for open-end generation.
Setting `pad_token_id` to `eos_token_id`:1 for open-end generation.
Setting `pad_token_id` to `eos_token_id`:1 for open-end generation.
Setting `pad_token_id` to `eos_token_id`:1 for open-end generation.
Setting `pad_token_id` to `eos_token_id`:1 for open-end generation.
Setting `pad_token_id` to `eos_token_id`:1 for open-end generation.
Setting `pad_token_id` to `eos_token_id`:1 for open-end generation.
Setting `pad_token_id` to `eos_token_id`:1 for open-end generation.
Setting `pad_token_id` to `eos_token_id`:1 for open-end generation.
Setting `pad_token_id` to `eos_token_id`:1 for open-end generation.
Setting `pad_token_id` to `eos_token_id`:1 for open-end generation.
Setting `pad_token_id` to `eos_token_id`:1 for open-end generation.
Setting `pad_token_id` to `eos_token_id`:1 for open-end generation.
Setting `pad_token_id` to `eos_token_id`:1 for open-end generation.
Setting `pad_token_id` to `eos_token_id`:1 for open-end generation.
Setting `pad_token_id` to `eos_token_id`:1 for open-end generation.
Setting `pad_token_id` to `eos_token_id`:1 for open-end generation.
Setting `pad_token_id` to `eos_token_id`:1 for open-end generation.
Setting `pad_token_id` to `eos_token_id`:1 for open-end generation.
Setting `pad_token_id` to `eos_token_id`:1 for open-end generation.
Setting `pad_token_id` to `eos_token_id`:1 for open-end generation.
Setting `pad_token_id` to `eos_token_id`:1 for open-end generation.
Setting `pad_token_id` to `eos_token_id`:1 for open-end generation.
Setting `pad_token_id` to `eos_token_id`:1 for open-end generation.
Setting `pad_token_id` to `eos_token_id`:1 for open-end generation.
Setting `pad_token_id` to `eos_token_id`:1 for open-end generation.
Setting `pad_token_id` to `eos_token_id`:1 for open-end generation.
Setting `pad_token_id` to `eos_token_id`:1 for open-end generation.
Setting `pad_token_id` to `eos_token_id`:1 for open-end generation.
Setting `pad_token_id` to `eos_token_id`:1 for open-end generation.
Setting `pad_token_id` to `eos_token_id`:1 for open-end generation.
Setting `pad_token_id` to `eos_token_id`:1 for open-end generation.
Setting `pad_token_id` to `eos_token_id`:1 for open-end generation.
Setting `pad_token_id` to `eos_token_id`:1 for open-end generation.
Setting `pad_token_id` to `eos_token_id`:1 for open-end generation.
Setting `pad_token_id` to `eos_token_id`:1 for open-end generation.
Setting `pad_token_id` to `eos_token_id`:1 for open-end generation.
Setting `pad_token_id` to `eos_token_id`:1 for open-end generation.
Setting `pad_token_id` to `eos_token_id`:1 for open-end generation.
Setting `pad_token_id` to `eos_token_id`:1 for open-end generation.
Setting `pad_token_id` to `eos_token_id`:1 for open-end generation.
Setting `pad_token_id` to `eos_token_id`:1 for open-end generation.
Setting `pad_token_id` to `eos_token_id`:1 for open-end generation.
Setting `pad_token_id` to `eos_token_id`:1 for open-end generation.
Setting `pad_token_id` to `eos_token_id`:1 for open-end generation.
Setting `pad_token_id` to `eos_token_id`:1 for open-end generation.
Setting `pad_token_id` to `eos_token_id`:1 for open-end generation.
Setting `pad_token_id` to `eos_token_id`:1 for open-end generation.
Setting `pad_token_id` to `eos_token_id`:1 for open-end generation.
Setting `pad_token_id` to `eos_token_id`:1 for open-end generation.
Setting `pad_token_id` to `eos_token_id`:1 for open-end generation.
Setting `pad_token_id` to `eos_token_id`:1 for open-end generation.
Setting `pad_token_id` to `eos_token_id`:1 for open-end generation.
Setting `pad_token_id` to `eos_token_id`:1 for open-end generation.
Setting `pad_token_id` to `eos_token_id`:1 for open-end generation.
Setting `pad_token_id` to `eos_token_id`:1 for open-end generation.
Setting `pad_token_id` to `eos_token_id`:1 for open-end generation.
Setting `pad_token_id` to `eos_token_id`:1 for open-end generation.
Setting `pad_token_id` to `eos_token_id`:1 for open-end generation.
Setting `pad_token_id` to `eos_token_id`:1 for open-end generation.
Setting `pad_token_id` to `eos_token_id`:1 for open-end generation.
Setting `pad_token_id` to `eos_token_id`:1 for open-end generation.
Setting `pad_token_id` to `eos_token_id`:1 for open-end generation.
Setting `pad_token_id` to `eos_token_id`:1 for open-end generation.
Setting `pad_token_id` to `eos_token_id`:1 for open-end generation.
Setting `pad_token_id` to `eos_token_id`:1 for open-end generation.
Setting `pad_token_id` to `eos_token_id`:1 for open-end generation.
Setting `pad_token_id` to `eos_token_id`:1 for open-end generation.
Setting `pad_token_id` to `eos_token_id`:1 for open-end generation.
Setting `pad_token_id` to `eos_token_id`:1 for open-end generation.
Setting `pad_token_id` to `eos_token_id`:1 for open-end generation.
Setting `pad_token_id` to `eos_token_id`:1 for open-end generation.
Setting `pad_token_id` to `eos_token_id`:1 for open-end generation.
Setting `pad_token_id` to `eos_token_id`:1 for open-end generation.
Setting `pad_token_id` to `eos_token_id`:1 for open-end generation.
Setting `pad_token_id` to `eos_token_id`:1 for open-end generation.
Setting `pad_token_id` to `eos_token_id`:1 for open-end generation.
Setting `pad_token_id` to `eos_token_id`:1 for open-end generation.
Setting `pad_token_id` to `eos_token_id`:1 for open-end generation.
Setting `pad_token_id` to `eos_token_id`:1 for open-end generation.
Setting `pad_token_id` to `eos_token_id`:1 for open-end generation.
Setting `pad_token_id` to `eos_token_id`:1 for open-end generation.
Setting `pad_token_id` to `eos_token_id`:1 for open-end generation.
Setting `pad_token_id` to `eos_token_id`:1 for open-end generation.
Setting `pad_token_id` to `eos_token_id`:1 for open-end generation.
Setting `pad_token_id` to `eos_token_id`:1 for open-end generation.
Setting `pad_token_id` to `eos_token_id`:1 for open-end generation.
Setting `pad_token_id` to `eos_token_id`:1 for open-end generation.
Setting `pad_token_id` to `eos_token_id`:1 for open-end generation.
Setting `pad_token_id` to `eos_token_id`:1 for open-end generation.
Setting `pad_token_id` to `eos_token_id`:1 for open-end generation.
Setting `pad_token_id` to `eos_token_id`:1 for open-end generation.
Setting `pad_token_id` to `eos_token_id`:1 for open-end generation.
Setting `pad_token_id` to `eos_token_id`:1 for open-end generation.
Setting `pad_token_id` to `eos_token_id`:1 for open-end generation.
Setting `pad_token_id` to `eos_token_id`:1 for open-end generation.
Setting `pad_token_id` to `eos_token_id`:1 for open-end generation.
Setting `pad_token_id` to `eos_token_id`:1 for open-end generation.
Setting `pad_token_id` to `eos_token_id`:1 for open-end generation.
Setting `pad_token_id` to `eos_token_id`:1 for open-end generation.
Setting `pad_token_id` to `eos_token_id`:1 for open-end generation.
Setting `pad_token_id` to `eos_token_id`:1 for open-end generation.
Setting `pad_token_id` to `eos_token_id`:1 for open-end generation.
Setting `pad_token_id` to `eos_token_id`:1 for open-end generation.
Setting `pad_token_id` to `eos_token_id`:1 for open-end generation.
Setting `pad_token_id` to `eos_token_id`:1 for open-end generation.
Setting `pad_token_id` to `eos_token_id`:1 for open-end generation.
Setting `pad_token_id` to `eos_token_id`:1 for open-end generation.
Setting `pad_token_id` to `eos_token_id`:1 for open-end generation.
Setting `pad_token_id` to `eos_token_id`:1 for open-end generation.
Setting `pad_token_id` to `eos_token_id`:1 for open-end generation.
Setting `pad_token_id` to `eos_token_id`:1 for open-end generation.
Setting `pad_token_id` to `eos_token_id`:1 for open-end generation.
Setting `pad_token_id` to `eos_token_id`:1 for open-end generation.
Setting `pad_token_id` to `eos_token_id`:1 for open-end generation.
Setting `pad_token_id` to `eos_token_id`:1 for open-end generation.
Setting `pad_token_id` to `eos_token_id`:1 for open-end generation.
Setting `pad_token_id` to `eos_token_id`:1 for open-end generation.
Setting `pad_token_id` to `eos_token_id`:1 for open-end generation.
Setting `pad_token_id` to `eos_token_id`:1 for open-end generation.
Setting `pad_token_id` to `eos_token_id`:1 for open-end generation.
Setting `pad_token_id` to `eos_token_id`:1 for open-end generation.
Setting `pad_token_id` to `eos_token_id`:1 for open-end generation.
Setting `pad_token_id` to `eos_token_id`:1 for open-end generation.
Setting `pad_token_id` to `eos_token_id`:1 for open-end generation.
Setting `pad_token_id` to `eos_token_id`:1 for open-end generation.
Setting `pad_token_id` to `eos_token_id`:1 for open-end generation.
Setting `pad_token_id` to `eos_token_id`:1 for open-end generation.
Setting `pad_token_id` to `eos_token_id`:1 for open-end generation.
Setting `pad_token_id` to `eos_token_id`:1 for open-end generation.
Setting `pad_token_id` to `eos_token_id`:1 for open-end generation.
Setting `pad_token_id` to `eos_token_id`:1 for open-end generation.
Setting `pad_token_id` to `eos_token_id`:1 for open-end generation.
Setting `pad_token_id` to `eos_token_id`:1 for open-end generation.
Setting `pad_token_id` to `eos_token_id`:1 for open-end generation.
Setting `pad_token_id` to `eos_token_id`:1 for open-end generation.
Setting `pad_token_id` to `eos_token_id`:1 for open-end generation.
Setting `pad_token_id` to `eos_token_id`:1 for open-end generation.
Setting `pad_token_id` to `eos_token_id`:1 for open-end generation.
Setting `pad_token_id` to `eos_token_id`:1 for open-end generation.
Setting `pad_token_id` to `eos_token_id`:1 for open-end generation.
Setting `pad_token_id` to `eos_token_id`:1 for open-end generation.
Setting `pad_token_id` to `eos_token_id`:1 for open-end generation.
Setting `pad_token_id` to `eos_token_id`:1 for open-end generation.
Setting `pad_token_id` to `eos_token_id`:1 for open-end generation.
Setting `pad_token_id` to `eos_token_id`:1 for open-end generation.
Setting `pad_token_id` to `eos_token_id`:1 for open-end generation.
Setting `pad_token_id` to `eos_token_id`:1 for open-end generation.
Setting `pad_token_id` to `eos_token_id`:1 for open-end generation.
Setting `pad_token_id` to `eos_token_id`:1 for open-end generation.
Setting `pad_token_id` to `eos_token_id`:1 for open-end generation.
Setting `pad_token_id` to `eos_token_id`:1 for open-end generation.
Setting `pad_token_id` to `eos_token_id`:1 for open-end generation.
Setting `pad_token_id` to `eos_token_id`:1 for open-end generation.
Setting `pad_token_id` to `eos_token_id`:1 for open-end generation.
Setting `pad_token_id` to `eos_token_id`:1 for open-end generation.
Setting `pad_token_id` to `eos_token_id`:1 for open-end generation.
Setting `pad_token_id` to `eos_token_id`:1 for open-end generation.
Setting `pad_token_id` to `eos_token_id`:1 for open-end generation.
Setting `pad_token_id` to `eos_token_id`:1 for open-end generation.
Setting `pad_token_id` to `eos_token_id`:1 for open-end generation.
Setting `pad_token_id` to `eos_token_id`:1 for open-end generation.
Setting `pad_token_id` to `eos_token_id`:1 for open-end generation.
Setting `pad_token_id` to `eos_token_id`:1 for open-end generation.
Setting `pad_token_id` to `eos_token_id`:1 for open-end generation.
Setting `pad_token_id` to `eos_token_id`:1 for open-end generation.
Setting `pad_token_id` to `eos_token_id`:1 for open-end generation.
Setting `pad_token_id` to `eos_token_id`:1 for open-end generation.
Setting `pad_token_id` to `eos_token_id`:1 for open-end generation.
Setting `pad_token_id` to `eos_token_id`:1 for open-end generation.
Setting `pad_token_id` to `eos_token_id`:1 for open-end generation.
Setting `pad_token_id` to `eos_token_id`:1 for open-end generation.
Setting `pad_token_id` to `eos_token_id`:1 for open-end generation.
Setting `pad_token_id` to `eos_token_id`:1 for open-end generation.
Setting `pad_token_id` to `eos_token_id`:1 for open-end generation.
Setting `pad_token_id` to `eos_token_id`:1 for open-end generation.
Setting `pad_token_id` to `eos_token_id`:1 for open-end generation.
Setting `pad_token_id` to `eos_token_id`:1 for open-end generation.
Setting `pad_token_id` to `eos_token_id`:1 for open-end generation.
Setting `pad_token_id` to `eos_token_id`:1 for open-end generation.
Setting `pad_token_id` to `eos_token_id`:1 for open-end generation.
Setting `pad_token_id` to `eos_token_id`:1 for open-end generation.
Setting `pad_token_id` to `eos_token_id`:1 for open-end generation.
Setting `pad_token_id` to `eos_token_id`:1 for open-end generation.
Setting `pad_token_id` to `eos_token_id`:1 for open-end generation.
Setting `pad_token_id` to `eos_token_id`:1 for open-end generation.
Setting `pad_token_id` to `eos_token_id`:1 for open-end generation.
Setting `pad_token_id` to `eos_token_id`:1 for open-end generation.
Setting `pad_token_id` to `eos_token_id`:1 for open-end generation.
Setting `pad_token_id` to `eos_token_id`:1 for open-end generation.
Setting `pad_token_id` to `eos_token_id`:1 for open-end generation.
Setting `pad_token_id` to `eos_token_id`:1 for open-end generation.
Setting `pad_token_id` to `eos_token_id`:1 for open-end generation.
Setting `pad_token_id` to `eos_token_id`:1 for open-end generation.
Setting `pad_token_id` to `eos_token_id`:1 for open-end generation.
Setting `pad_token_id` to `eos_token_id`:1 for open-end generation.
Setting `pad_token_id` to `eos_token_id`:1 for open-end generation.
Setting `pad_token_id` to `eos_token_id`:1 for open-end generation.
Setting `pad_token_id` to `eos_token_id`:1 for open-end generation.
Setting `pad_token_id` to `eos_token_id`:1 for open-end generation.
Setting `pad_token_id` to `eos_token_id`:1 for open-end generation.
Setting `pad_token_id` to `eos_token_id`:1 for open-end generation.
Setting `pad_token_id` to `eos_token_id`:1 for open-end generation.
Setting `pad_token_id` to `eos_token_id`:1 for open-end generation.
Setting `pad_token_id` to `eos_token_id`:1 for open-end generation.
Setting `pad_token_id` to `eos_token_id`:1 for open-end generation.
Setting `pad_token_id` to `eos_token_id`:1 for open-end generation.
Setting `pad_token_id` to `eos_token_id`:1 for open-end generation.
Setting `pad_token_id` to `eos_token_id`:1 for open-end generation.
Setting `pad_token_id` to `eos_token_id`:1 for open-end generation.
Setting `pad_token_id` to `eos_token_id`:1 for open-end generation.
Setting `pad_token_id` to `eos_token_id`:1 for open-end generation.
Setting `pad_token_id` to `eos_token_id`:1 for open-end generation.
Setting `pad_token_id` to `eos_token_id`:1 for open-end generation.
Setting `pad_token_id` to `eos_token_id`:1 for open-end generation.
Setting `pad_token_id` to `eos_token_id`:1 for open-end generation.
Setting `pad_token_id` to `eos_token_id`:1 for open-end generation.
Setting `pad_token_id` to `eos_token_id`:1 for open-end generation.
Setting `pad_token_id` to `eos_token_id`:1 for open-end generation.
Setting `pad_token_id` to `eos_token_id`:1 for open-end generation.
Setting `pad_token_id` to `eos_token_id`:1 for open-end generation.
Setting `pad_token_id` to `eos_token_id`:1 for open-end generation.
Setting `pad_token_id` to `eos_token_id`:1 for open-end generation.
Setting `pad_token_id` to `eos_token_id`:1 for open-end generation.
Setting `pad_token_id` to `eos_token_id`:1 for open-end generation.
Setting `pad_token_id` to `eos_token_id`:1 for open-end generation.
Setting `pad_token_id` to `eos_token_id`:1 for open-end generation.
Setting `pad_token_id` to `eos_token_id`:1 for open-end generation.
Setting `pad_token_id` to `eos_token_id`:1 for open-end generation.
Setting `pad_token_id` to `eos_token_id`:1 for open-end generation.
Setting `pad_token_id` to `eos_token_id`:1 for open-end generation.
Setting `pad_token_id` to `eos_token_id`:1 for open-end generation.
Setting `pad_token_id` to `eos_token_id`:1 for open-end generation.
Setting `pad_token_id` to `eos_token_id`:1 for open-end generation.
Setting `pad_token_id` to `eos_token_id`:1 for open-end generation.
Setting `pad_token_id` to `eos_token_id`:1 for open-end generation.
Setting `pad_token_id` to `eos_token_id`:1 for open-end generation.
Setting `pad_token_id` to `eos_token_id`:1 for open-end generation.
Setting `pad_token_id` to `eos_token_id`:1 for open-end generation.
Setting `pad_token_id` to `eos_token_id`:1 for open-end generation.
Setting `pad_token_id` to `eos_token_id`:1 for open-end generation.
Setting `pad_token_id` to `eos_token_id`:1 for open-end generation.
Setting `pad_token_id` to `eos_token_id`:1 for open-end generation.
Setting `pad_token_id` to `eos_token_id`:1 for open-end generation.
Setting `pad_token_id` to `eos_token_id`:1 for open-end generation.
Setting `pad_token_id` to `eos_token_id`:1 for open-end generation.
Setting `pad_token_id` to `eos_token_id`:1 for open-end generation.
Setting `pad_token_id` to `eos_token_id`:1 for open-end generation.
Setting `pad_token_id` to `eos_token_id`:1 for open-end generation.
Setting `pad_token_id` to `eos_token_id`:1 for open-end generation.
Setting `pad_token_id` to `eos_token_id`:1 for open-end generation.
Setting `pad_token_id` to `eos_token_id`:1 for open-end generation.
Setting `pad_token_id` to `eos_token_id`:1 for open-end generation.
Setting `pad_token_id` to `eos_token_id`:1 for open-end generation.
Setting `pad_token_id` to `eos_token_id`:1 for open-end generation.
Setting `pad_token_id` to `eos_token_id`:1 for open-end generation.
Setting `pad_token_id` to `eos_token_id`:1 for open-end generation.
Setting `pad_token_id` to `eos_token_id`:1 for open-end generation.
Setting `pad_token_id` to `eos_token_id`:1 for open-end generation.
Setting `pad_token_id` to `eos_token_id`:1 for open-end generation.
Setting `pad_token_id` to `eos_token_id`:1 for open-end generation.
Setting `pad_token_id` to `eos_token_id`:1 for open-end generation.
Setting `pad_token_id` to `eos_token_id`:1 for open-end generation.
Setting `pad_token_id` to `eos_token_id`:1 for open-end generation.
Setting `pad_token_id` to `eos_token_id`:1 for open-end generation.
Setting `pad_token_id` to `eos_token_id`:1 for open-end generation.
Setting `pad_token_id` to `eos_token_id`:1 for open-end generation.
Setting `pad_token_id` to `eos_token_id`:1 for open-end generation.
Setting `pad_token_id` to `eos_token_id`:1 for open-end generation.
Setting `pad_token_id` to `eos_token_id`:1 for open-end generation.
Setting `pad_token_id` to `eos_token_id`:1 for open-end generation.
Setting `pad_token_id` to `eos_token_id`:1 for open-end generation.
Setting `pad_token_id` to `eos_token_id`:1 for open-end generation.
Setting `pad_token_id` to `eos_token_id`:1 for open-end generation.
Setting `pad_token_id` to `eos_token_id`:1 for open-end generation.
Setting `pad_token_id` to `eos_token_id`:1 for open-end generation.
Setting `pad_token_id` to `eos_token_id`:1 for open-end generation.
Setting `pad_token_id` to `eos_token_id`:1 for open-end generation.
Setting `pad_token_id` to `eos_token_id`:1 for open-end generation.
Setting `pad_token_id` to `eos_token_id`:1 for open-end generation.
Setting `pad_token_id` to `eos_token_id`:1 for open-end generation.
Setting `pad_token_id` to `eos_token_id`:1 for open-end generation.
Setting `pad_token_id` to `eos_token_id`:1 for open-end generation.
Setting `pad_token_id` to `eos_token_id`:1 for open-end generation.
Setting `pad_token_id` to `eos_token_id`:1 for open-end generation.
Setting `pad_token_id` to `eos_token_id`:1 for open-end generation.
Setting `pad_token_id` to `eos_token_id`:1 for open-end generation.
Setting `pad_token_id` to `eos_token_id`:1 for open-end generation.
Setting `pad_token_id` to `eos_token_id`:1 for open-end generation.
Setting `pad_token_id` to `eos_token_id`:1 for open-end generation.
Setting `pad_token_id` to `eos_token_id`:1 for open-end generation.
Setting `pad_token_id` to `eos_token_id`:1 for open-end generation.
Setting `pad_token_id` to `eos_token_id`:1 for open-end generation.
Setting `pad_token_id` to `eos_token_id`:1 for open-end generation.
Setting `pad_token_id` to `eos_token_id`:1 for open-end generation.
Setting `pad_token_id` to `eos_token_id`:1 for open-end generation.
Setting `pad_token_id` to `eos_token_id`:1 for open-end generation.
Setting `pad_token_id` to `eos_token_id`:1 for open-end generation.
Setting `pad_token_id` to `eos_token_id`:1 for open-end generation.
Setting `pad_token_id` to `eos_token_id`:1 for open-end generation.
Setting `pad_token_id` to `eos_token_id`:1 for open-end generation.
Setting `pad_token_id` to `eos_token_id`:1 for open-end generation.
Setting `pad_token_id` to `eos_token_id`:1 for open-end generation.
Setting `pad_token_id` to `eos_token_id`:1 for open-end generation.
Setting `pad_token_id` to `eos_token_id`:1 for open-end generation.
Setting `pad_token_id` to `eos_token_id`:1 for open-end generation.
Setting `pad_token_id` to `eos_token_id`:1 for open-end generation.
Setting `pad_token_id` to `eos_token_id`:1 for open-end generation.
Setting `pad_token_id` to `eos_token_id`:1 for open-end generation.
Setting `pad_token_id` to `eos_token_id`:1 for open-end generation.
Setting `pad_token_id` to `eos_token_id`:1 for open-end generation.
Setting `pad_token_id` to `eos_token_id`:1 for open-end generation.
Setting `pad_token_id` to `eos_token_id`:1 for open-end generation.
Setting `pad_token_id` to `eos_token_id`:1 for open-end generation.
Setting `pad_token_id` to `eos_token_id`:1 for open-end generation.
Setting `pad_token_id` to `eos_token_id`:1 for open-end generation.
Setting `pad_token_id` to `eos_token_id`:1 for open-end generation.
Setting `pad_token_id` to `eos_token_id`:1 for open-end generation.
Setting `pad_token_id` to `eos_token_id`:1 for open-end generation.
Setting `pad_token_id` to `eos_token_id`:1 for open-end generation.
Setting `pad_token_id` to `eos_token_id`:1 for open-end generation.
Setting `pad_token_id` to `eos_token_id`:1 for open-end generation.
Setting `pad_token_id` to `eos_token_id`:1 for open-end generation.
Setting `pad_token_id` to `eos_token_id`:1 for open-end generation.
Setting `pad_token_id` to `eos_token_id`:1 for open-end generation.
Setting `pad_token_id` to `eos_token_id`:1 for open-end generation.
Setting `pad_token_id` to `eos_token_id`:1 for open-end generation.
Setting `pad_token_id` to `eos_token_id`:1 for open-end generation.
Setting `pad_token_id` to `eos_token_id`:1 for open-end generation.
Setting `pad_token_id` to `eos_token_id`:1 for open-end generation.
Setting `pad_token_id` to `eos_token_id`:1 for open-end generation.
Setting `pad_token_id` to `eos_token_id`:1 for open-end generation.
Setting `pad_token_id` to `eos_token_id`:1 for open-end generation.
Setting `pad_token_id` to `eos_token_id`:1 for open-end generation.
Setting `pad_token_id` to `eos_token_id`:1 for open-end generation.
Setting `pad_token_id` to `eos_token_id`:1 for open-end generation.
Setting `pad_token_id` to `eos_token_id`:1 for open-end generation.
Setting `pad_token_id` to `eos_token_id`:1 for open-end generation.
Setting `pad_token_id` to `eos_token_id`:1 for open-end generation.
Setting `pad_token_id` to `eos_token_id`:1 for open-end generation.
Setting `pad_token_id` to `eos_token_id`:1 for open-end generation.
Setting `pad_token_id` to `eos_token_id`:1 for open-end generation.
Setting `pad_token_id` to `eos_token_id`:1 for open-end generation.
Setting `pad_token_id` to `eos_token_id`:1 for open-end generation.
Setting `pad_token_id` to `eos_token_id`:1 for open-end generation.
Setting `pad_token_id` to `eos_token_id`:1 for open-end generation.
Setting `pad_token_id` to `eos_token_id`:1 for open-end generation.
Setting `pad_token_id` to `eos_token_id`:1 for open-end generation.
Setting `pad_token_id` to `eos_token_id`:1 for open-end generation.
Setting `pad_token_id` to `eos_token_id`:1 for open-end generation.
Setting `pad_token_id` to `eos_token_id`:1 for open-end generation.
Setting `pad_token_id` to `eos_token_id`:1 for open-end generation.
Setting `pad_token_id` to `eos_token_id`:1 for open-end generation.
Setting `pad_token_id` to `eos_token_id`:1 for open-end generation.
Setting `pad_token_id` to `eos_token_id`:1 for open-end generation.
Setting `pad_token_id` to `eos_token_id`:1 for open-end generation.
Setting `pad_token_id` to `eos_token_id`:1 for open-end generation.
Setting `pad_token_id` to `eos_token_id`:1 for open-end generation.
Setting `pad_token_id` to `eos_token_id`:1 for open-end generation.
Setting `pad_token_id` to `eos_token_id`:1 for open-end generation.
Setting `pad_token_id` to `eos_token_id`:1 for open-end generation.
Setting `pad_token_id` to `eos_token_id`:1 for open-end generation.
Setting `pad_token_id` to `eos_token_id`:1 for open-end generation.
Setting `pad_token_id` to `eos_token_id`:1 for open-end generation.
Setting `pad_token_id` to `eos_token_id`:1 for open-end generation.
Setting `pad_token_id` to `eos_token_id`:1 for open-end generation.
Setting `pad_token_id` to `eos_token_id`:1 for open-end generation.
Setting `pad_token_id` to `eos_token_id`:1 for open-end generation.
Setting `pad_token_id` to `eos_token_id`:1 for open-end generation.
Setting `pad_token_id` to `eos_token_id`:1 for open-end generation.
Setting `pad_token_id` to `eos_token_id`:1 for open-end generation.
Setting `pad_token_id` to `eos_token_id`:1 for open-end generation.
Setting `pad_token_id` to `eos_token_id`:1 for open-end generation.
Setting `pad_token_id` to `eos_token_id`:1 for open-end generation.
Setting `pad_token_id` to `eos_token_id`:1 for open-end generation.
Setting `pad_token_id` to `eos_token_id`:1 for open-end generation.
Setting `pad_token_id` to `eos_token_id`:1 for open-end generation.
Setting `pad_token_id` to `eos_token_id`:1 for open-end generation.
Setting `pad_token_id` to `eos_token_id`:1 for open-end generation.
Setting `pad_token_id` to `eos_token_id`:1 for open-end generation.
Setting `pad_token_id` to `eos_token_id`:1 for open-end generation.
Setting `pad_token_id` to `eos_token_id`:1 for open-end generation.
Setting `pad_token_id` to `eos_token_id`:1 for open-end generation.
Setting `pad_token_id` to `eos_token_id`:1 for open-end generation.
Setting `pad_token_id` to `eos_token_id`:1 for open-end generation.
Setting `pad_token_id` to `eos_token_id`:1 for open-end generation.
Setting `pad_token_id` to `eos_token_id`:1 for open-end generation.
Setting `pad_token_id` to `eos_token_id`:1 for open-end generation.
Setting `pad_token_id` to `eos_token_id`:1 for open-end generation.
Setting `pad_token_id` to `eos_token_id`:1 for open-end generation.
Setting `pad_token_id` to `eos_token_id`:1 for open-end generation.
Setting `pad_token_id` to `eos_token_id`:1 for open-end generation.
Setting `pad_token_id` to `eos_token_id`:1 for open-end generation.
Setting `pad_token_id` to `eos_token_id`:1 for open-end generation.
Setting `pad_token_id` to `eos_token_id`:1 for open-end generation.
Setting `pad_token_id` to `eos_token_id`:1 for open-end generation.
Setting `pad_token_id` to `eos_token_id`:1 for open-end generation.
Setting `pad_token_id` to `eos_token_id`:1 for open-end generation.
Setting `pad_token_id` to `eos_token_id`:1 for open-end generation.
Setting `pad_token_id` to `eos_token_id`:1 for open-end generation.
Setting `pad_token_id` to `eos_token_id`:1 for open-end generation.
Setting `pad_token_id` to `eos_token_id`:1 for open-end generation.
Setting `pad_token_id` to `eos_token_id`:1 for open-end generation.
Setting `pad_token_id` to `eos_token_id`:1 for open-end generation.
Setting `pad_token_id` to `eos_token_id`:1 for open-end generation.
Setting `pad_token_id` to `eos_token_id`:1 for open-end generation.
Setting `pad_token_id` to `eos_token_id`:1 for open-end generation.
Setting `pad_token_id` to `eos_token_id`:1 for open-end generation.
Setting `pad_token_id` to `eos_token_id`:1 for open-end generation.
Setting `pad_token_id` to `eos_token_id`:1 for open-end generation.
Setting `pad_token_id` to `eos_token_id`:1 for open-end generation.
Setting `pad_token_id` to `eos_token_id`:1 for open-end generation.
Setting `pad_token_id` to `eos_token_id`:1 for open-end generation.
Setting `pad_token_id` to `eos_token_id`:1 for open-end generation.
Setting `pad_token_id` to `eos_token_id`:1 for open-end generation.
Setting `pad_token_id` to `eos_token_id`:1 for open-end generation.
Setting `pad_token_id` to `eos_token_id`:1 for open-end generation.
Setting `pad_token_id` to `eos_token_id`:1 for open-end generation.
Setting `pad_token_id` to `eos_token_id`:1 for open-end generation.
Setting `pad_token_id` to `eos_token_id`:1 for open-end generation.
Setting `pad_token_id` to `eos_token_id`:1 for open-end generation.
Setting `pad_token_id` to `eos_token_id`:1 for open-end generation.
Setting `pad_token_id` to `eos_token_id`:1 for open-end generation.
Setting `pad_token_id` to `eos_token_id`:1 for open-end generation.
Setting `pad_token_id` to `eos_token_id`:1 for open-end generation.
Setting `pad_token_id` to `eos_token_id`:1 for open-end generation.
Setting `pad_token_id` to `eos_token_id`:1 for open-end generation.
Setting `pad_token_id` to `eos_token_id`:1 for open-end generation.
Setting `pad_token_id` to `eos_token_id`:1 for open-end generation.
Setting `pad_token_id` to `eos_token_id`:1 for open-end generation.
Setting `pad_token_id` to `eos_token_id`:1 for open-end generation.
Setting `pad_token_id` to `eos_token_id`:1 for open-end generation.
Setting `pad_token_id` to `eos_token_id`:1 for open-end generation.
Setting `pad_token_id` to `eos_token_id`:1 for open-end generation.
Setting `pad_token_id` to `eos_token_id`:1 for open-end generation.
Setting `pad_token_id` to `eos_token_id`:1 for open-end generation.
Setting `pad_token_id` to `eos_token_id`:1 for open-end generation.
Setting `pad_token_id` to `eos_token_id`:1 for open-end generation.
Setting `pad_token_id` to `eos_token_id`:1 for open-end generation.
Setting `pad_token_id` to `eos_token_id`:1 for open-end generation.
Setting `pad_token_id` to `eos_token_id`:1 for open-end generation.
Setting `pad_token_id` to `eos_token_id`:1 for open-end generation.
Setting `pad_token_id` to `eos_token_id`:1 for open-end generation.
Setting `pad_token_id` to `eos_token_id`:1 for open-end generation.
Setting `pad_token_id` to `eos_token_id`:1 for open-end generation.
Setting `pad_token_id` to `eos_token_id`:1 for open-end generation.
Setting `pad_token_id` to `eos_token_id`:1 for open-end generation.
Setting `pad_token_id` to `eos_token_id`:1 for open-end generation.
Setting `pad_token_id` to `eos_token_id`:1 for open-end generation.
Setting `pad_token_id` to `eos_token_id`:1 for open-end generation.
Setting `pad_token_id` to `eos_token_id`:1 for open-end generation.
Setting `pad_token_id` to `eos_token_id`:1 for open-end generation.
Setting `pad_token_id` to `eos_token_id`:1 for open-end generation.
Setting `pad_token_id` to `eos_token_id`:1 for open-end generation.
Setting `pad_token_id` to `eos_token_id`:1 for open-end generation.
Setting `pad_token_id` to `eos_token_id`:1 for open-end generation.
Setting `pad_token_id` to `eos_token_id`:1 for open-end generation.
Setting `pad_token_id` to `eos_token_id`:1 for open-end generation.
Setting `pad_token_id` to `eos_token_id`:1 for open-end generation.
Setting `pad_token_id` to `eos_token_id`:1 for open-end generation.
Setting `pad_token_id` to `eos_token_id`:1 for open-end generation.
Setting `pad_token_id` to `eos_token_id`:1 for open-end generation.
Setting `pad_token_id` to `eos_token_id`:1 for open-end generation.
Setting `pad_token_id` to `eos_token_id`:1 for open-end generation.
Setting `pad_token_id` to `eos_token_id`:1 for open-end generation.
Setting `pad_token_id` to `eos_token_id`:1 for open-end generation.
Setting `pad_token_id` to `eos_token_id`:1 for open-end generation.
Setting `pad_token_id` to `eos_token_id`:1 for open-end generation.
Setting `pad_token_id` to `eos_token_id`:1 for open-end generation.
Setting `pad_token_id` to `eos_token_id`:1 for open-end generation.
Setting `pad_token_id` to `eos_token_id`:1 for open-end generation.
Setting `pad_token_id` to `eos_token_id`:1 for open-end generation.
Setting `pad_token_id` to `eos_token_id`:1 for open-end generation.
Setting `pad_token_id` to `eos_token_id`:1 for open-end generation.
Setting `pad_token_id` to `eos_token_id`:1 for open-end generation.
Setting `pad_token_id` to `eos_token_id`:1 for open-end generation.
Setting `pad_token_id` to `eos_token_id`:1 for open-end generation.
Setting `pad_token_id` to `eos_token_id`:1 for open-end generation.
Setting `pad_token_id` to `eos_token_id`:1 for open-end generation.
Setting `pad_token_id` to `eos_token_id`:1 for open-end generation.
Setting `pad_token_id` to `eos_token_id`:1 for open-end generation.
Setting `pad_token_id` to `eos_token_id`:1 for open-end generation.
Setting `pad_token_id` to `eos_token_id`:1 for open-end generation.
Setting `pad_token_id` to `eos_token_id`:1 for open-end generation.
Setting `pad_token_id` to `eos_token_id`:1 for open-end generation.
Setting `pad_token_id` to `eos_token_id`:1 for open-end generation.
Setting `pad_token_id` to `eos_token_id`:1 for open-end generation.
Setting `pad_token_id` to `eos_token_id`:1 for open-end generation.
Setting `pad_token_id` to `eos_token_id`:1 for open-end generation.
Setting `pad_token_id` to `eos_token_id`:1 for open-end generation.
Setting `pad_token_id` to `eos_token_id`:1 for open-end generation.
Setting `pad_token_id` to `eos_token_id`:1 for open-end generation.
Setting `pad_token_id` to `eos_token_id`:1 for open-end generation.
Setting `pad_token_id` to `eos_token_id`:1 for open-end generation.
Setting `pad_token_id` to `eos_token_id`:1 for open-end generation.
Setting `pad_token_id` to `eos_token_id`:1 for open-end generation.
Setting `pad_token_id` to `eos_token_id`:1 for open-end generation.
Setting `pad_token_id` to `eos_token_id`:1 for open-end generation.
Setting `pad_token_id` to `eos_token_id`:1 for open-end generation.
Setting `pad_token_id` to `eos_token_id`:1 for open-end generation.
Setting `pad_token_id` to `eos_token_id`:1 for open-end generation.
Setting `pad_token_id` to `eos_token_id`:1 for open-end generation.
Setting `pad_token_id` to `eos_token_id`:1 for open-end generation.
Setting `pad_token_id` to `eos_token_id`:1 for open-end generation.
Setting `pad_token_id` to `eos_token_id`:1 for open-end generation.
Setting `pad_token_id` to `eos_token_id`:1 for open-end generation.
Setting `pad_token_id` to `eos_token_id`:1 for open-end generation.
Setting `pad_token_id` to `eos_token_id`:1 for open-end generation.
Setting `pad_token_id` to `eos_token_id`:1 for open-end generation.
Setting `pad_token_id` to `eos_token_id`:1 for open-end generation.
Setting `pad_token_id` to `eos_token_id`:1 for open-end generation.
Setting `pad_token_id` to `eos_token_id`:1 for open-end generation.
Setting `pad_token_id` to `eos_token_id`:1 for open-end generation.
Setting `pad_token_id` to `eos_token_id`:1 for open-end generation.
Setting `pad_token_id` to `eos_token_id`:1 for open-end generation.
Setting `pad_token_id` to `eos_token_id`:1 for open-end generation.
Setting `pad_token_id` to `eos_token_id`:1 for open-end generation.
Setting `pad_token_id` to `eos_token_id`:1 for open-end generation.
Setting `pad_token_id` to `eos_token_id`:1 for open-end generation.
Setting `pad_token_id` to `eos_token_id`:1 for open-end generation.
Setting `pad_token_id` to `eos_token_id`:1 for open-end generation.
Setting `pad_token_id` to `eos_token_id`:1 for open-end generation.
Setting `pad_token_id` to `eos_token_id`:1 for open-end generation.
Setting `pad_token_id` to `eos_token_id`:1 for open-end generation.
Setting `pad_token_id` to `eos_token_id`:1 for open-end generation.
Setting `pad_token_id` to `eos_token_id`:1 for open-end generation.
Setting `pad_token_id` to `eos_token_id`:1 for open-end generation.
Setting `pad_token_id` to `eos_token_id`:1 for open-end generation.
Setting `pad_token_id` to `eos_token_id`:1 for open-end generation.
Setting `pad_token_id` to `eos_token_id`:1 for open-end generation.
Setting `pad_token_id` to `eos_token_id`:1 for open-end generation.
Setting `pad_token_id` to `eos_token_id`:1 for open-end generation.
Setting `pad_token_id` to `eos_token_id`:1 for open-end generation.
Setting `pad_token_id` to `eos_token_id`:1 for open-end generation.
Setting `pad_token_id` to `eos_token_id`:1 for open-end generation.
Setting `pad_token_id` to `eos_token_id`:1 for open-end generation.
Setting `pad_token_id` to `eos_token_id`:1 for open-end generation.
Setting `pad_token_id` to `eos_token_id`:1 for open-end generation.
Setting `pad_token_id` to `eos_token_id`:1 for open-end generation.
Setting `pad_token_id` to `eos_token_id`:1 for open-end generation.
Setting `pad_token_id` to `eos_token_id`:1 for open-end generation.
Setting `pad_token_id` to `eos_token_id`:1 for open-end generation.
Setting `pad_token_id` to `eos_token_id`:1 for open-end generation.
Setting `pad_token_id` to `eos_token_id`:1 for open-end generation.
Setting `pad_token_id` to `eos_token_id`:1 for open-end generation.
Setting `pad_token_id` to `eos_token_id`:1 for open-end generation.
Setting `pad_token_id` to `eos_token_id`:1 for open-end generation.
Setting `pad_token_id` to `eos_token_id`:1 for open-end generation.
Setting `pad_token_id` to `eos_token_id`:1 for open-end generation.
Setting `pad_token_id` to `eos_token_id`:1 for open-end generation.
Setting `pad_token_id` to `eos_token_id`:1 for open-end generation.
Setting `pad_token_id` to `eos_token_id`:1 for open-end generation.
Setting `pad_token_id` to `eos_token_id`:1 for open-end generation.
Setting `pad_token_id` to `eos_token_id`:1 for open-end generation.
Setting `pad_token_id` to `eos_token_id`:1 for open-end generation.
Setting `pad_token_id` to `eos_token_id`:1 for open-end generation.
Setting `pad_token_id` to `eos_token_id`:1 for open-end generation.
Setting `pad_token_id` to `eos_token_id`:1 for open-end generation.
Setting `pad_token_id` to `eos_token_id`:1 for open-end generation.
Setting `pad_token_id` to `eos_token_id`:1 for open-end generation.
Setting `pad_token_id` to `eos_token_id`:1 for open-end generation.
Setting `pad_token_id` to `eos_token_id`:1 for open-end generation.
Setting `pad_token_id` to `eos_token_id`:1 for open-end generation.
Setting `pad_token_id` to `eos_token_id`:1 for open-end generation.
Setting `pad_token_id` to `eos_token_id`:1 for open-end generation.
Setting `pad_token_id` to `eos_token_id`:1 for open-end generation.
Setting `pad_token_id` to `eos_token_id`:1 for open-end generation.
Setting `pad_token_id` to `eos_token_id`:1 for open-end generation.
Setting `pad_token_id` to `eos_token_id`:1 for open-end generation.
Setting `pad_token_id` to `eos_token_id`:1 for open-end generation.
Setting `pad_token_id` to `eos_token_id`:1 for open-end generation.
Setting `pad_token_id` to `eos_token_id`:1 for open-end generation.
Setting `pad_token_id` to `eos_token_id`:1 for open-end generation.
Setting `pad_token_id` to `eos_token_id`:1 for open-end generation.
Setting `pad_token_id` to `eos_token_id`:1 for open-end generation.
Setting `pad_token_id` to `eos_token_id`:1 for open-end generation.
Setting `pad_token_id` to `eos_token_id`:1 for open-end generation.
Setting `pad_token_id` to `eos_token_id`:1 for open-end generation.
Setting `pad_token_id` to `eos_token_id`:1 for open-end generation.
Setting `pad_token_id` to `eos_token_id`:1 for open-end generation.
Setting `pad_token_id` to `eos_token_id`:1 for open-end generation.
Setting `pad_token_id` to `eos_token_id`:1 for open-end generation.
Setting `pad_token_id` to `eos_token_id`:1 for open-end generation.
Setting `pad_token_id` to `eos_token_id`:1 for open-end generation.
Setting `pad_token_id` to `eos_token_id`:1 for open-end generation.
Setting `pad_token_id` to `eos_token_id`:1 for open-end generation.
Setting `pad_token_id` to `eos_token_id`:1 for open-end generation.
Setting `pad_token_id` to `eos_token_id`:1 for open-end generation.
Setting `pad_token_id` to `eos_token_id`:1 for open-end generation.
Setting `pad_token_id` to `eos_token_id`:1 for open-end generation.
Setting `pad_token_id` to `eos_token_id`:1 for open-end generation.
Setting `pad_token_id` to `eos_token_id`:1 for open-end generation.
Setting `pad_token_id` to `eos_token_id`:1 for open-end generation.
Setting `pad_token_id` to `eos_token_id`:1 for open-end generation.
Setting `pad_token_id` to `eos_token_id`:1 for open-end generation.
Setting `pad_token_id` to `eos_token_id`:1 for open-end generation.
Setting `pad_token_id` to `eos_token_id`:1 for open-end generation.
Setting `pad_token_id` to `eos_token_id`:1 for open-end generation.
Setting `pad_token_id` to `eos_token_id`:1 for open-end generation.
Setting `pad_token_id` to `eos_token_id`:1 for open-end generation.
Setting `pad_token_id` to `eos_token_id`:1 for open-end generation.
Setting `pad_token_id` to `eos_token_id`:1 for open-end generation.
Setting `pad_token_id` to `eos_token_id`:1 for open-end generation.
Setting `pad_token_id` to `eos_token_id`:1 for open-end generation.
Setting `pad_token_id` to `eos_token_id`:1 for open-end generation.
Setting `pad_token_id` to `eos_token_id`:1 for open-end generation.
Setting `pad_token_id` to `eos_token_id`:1 for open-end generation.
Setting `pad_token_id` to `eos_token_id`:1 for open-end generation.
Setting `pad_token_id` to `eos_token_id`:1 for open-end generation.
Setting `pad_token_id` to `eos_token_id`:1 for open-end generation.
Setting `pad_token_id` to `eos_token_id`:1 for open-end generation.
Setting `pad_token_id` to `eos_token_id`:1 for open-end generation.
Setting `pad_token_id` to `eos_token_id`:1 for open-end generation.
Setting `pad_token_id` to `eos_token_id`:1 for open-end generation.
Setting `pad_token_id` to `eos_token_id`:1 for open-end generation.
Setting `pad_token_id` to `eos_token_id`:1 for open-end generation.
Setting `pad_token_id` to `eos_token_id`:1 for open-end generation.
Setting `pad_token_id` to `eos_token_id`:1 for open-end generation.
Setting `pad_token_id` to `eos_token_id`:1 for open-end generation.
Setting `pad_token_id` to `eos_token_id`:1 for open-end generation.
Setting `pad_token_id` to `eos_token_id`:1 for open-end generation.
Setting `pad_token_id` to `eos_token_id`:1 for open-end generation.
Setting `pad_token_id` to `eos_token_id`:1 for open-end generation.
Setting `pad_token_id` to `eos_token_id`:1 for open-end generation.
Setting `pad_token_id` to `eos_token_id`:1 for open-end generation.
Setting `pad_token_id` to `eos_token_id`:1 for open-end generation.
Setting `pad_token_id` to `eos_token_id`:1 for open-end generation.
Setting `pad_token_id` to `eos_token_id`:1 for open-end generation.
Setting `pad_token_id` to `eos_token_id`:1 for open-end generation.
Setting `pad_token_id` to `eos_token_id`:1 for open-end generation.
Setting `pad_token_id` to `eos_token_id`:1 for open-end generation.
Setting `pad_token_id` to `eos_token_id`:1 for open-end generation.
Setting `pad_token_id` to `eos_token_id`:1 for open-end generation.
Setting `pad_token_id` to `eos_token_id`:1 for open-end generation.
Setting `pad_token_id` to `eos_token_id`:1 for open-end generation.
Setting `pad_token_id` to `eos_token_id`:1 for open-end generation.
Setting `pad_token_id` to `eos_token_id`:1 for open-end generation.
Setting `pad_token_id` to `eos_token_id`:1 for open-end generation.
Setting `pad_token_id` to `eos_token_id`:1 for open-end generation.
Setting `pad_token_id` to `eos_token_id`:1 for open-end generation.
Setting `pad_token_id` to `eos_token_id`:1 for open-end generation.
Setting `pad_token_id` to `eos_token_id`:1 for open-end generation.
Setting `pad_token_id` to `eos_token_id`:1 for open-end generation.
Setting `pad_token_id` to `eos_token_id`:1 for open-end generation.
Setting `pad_token_id` to `eos_token_id`:1 for open-end generation.
Setting `pad_token_id` to `eos_token_id`:1 for open-end generation.
Setting `pad_token_id` to `eos_token_id`:1 for open-end generation.
Setting `pad_token_id` to `eos_token_id`:1 for open-end generation.
Setting `pad_token_id` to `eos_token_id`:1 for open-end generation.
Setting `pad_token_id` to `eos_token_id`:1 for open-end generation.
Setting `pad_token_id` to `eos_token_id`:1 for open-end generation.
Setting `pad_token_id` to `eos_token_id`:1 for open-end generation.
Setting `pad_token_id` to `eos_token_id`:1 for open-end generation.
Setting `pad_token_id` to `eos_token_id`:1 for open-end generation.
Setting `pad_token_id` to `eos_token_id`:1 for open-end generation.
Setting `pad_token_id` to `eos_token_id`:1 for open-end generation.
Setting `pad_token_id` to `eos_token_id`:1 for open-end generation.
Setting `pad_token_id` to `eos_token_id`:1 for open-end generation.
Setting `pad_token_id` to `eos_token_id`:1 for open-end generation.
Setting `pad_token_id` to `eos_token_id`:1 for open-end generation.
Setting `pad_token_id` to `eos_token_id`:1 for open-end generation.
Setting `pad_token_id` to `eos_token_id`:1 for open-end generation.
Setting `pad_token_id` to `eos_token_id`:1 for open-end generation.
Setting `pad_token_id` to `eos_token_id`:1 for open-end generation.
Setting `pad_token_id` to `eos_token_id`:1 for open-end generation.
Setting `pad_token_id` to `eos_token_id`:1 for open-end generation.
Setting `pad_token_id` to `eos_token_id`:1 for open-end generation.
Setting `pad_token_id` to `eos_token_id`:1 for open-end generation.
Setting `pad_token_id` to `eos_token_id`:1 for open-end generation.
Setting `pad_token_id` to `eos_token_id`:1 for open-end generation.
Setting `pad_token_id` to `eos_token_id`:1 for open-end generation.
Setting `pad_token_id` to `eos_token_id`:1 for open-end generation.
Setting `pad_token_id` to `eos_token_id`:1 for open-end generation.
Setting `pad_token_id` to `eos_token_id`:1 for open-end generation.
Setting `pad_token_id` to `eos_token_id`:1 for open-end generation.
Setting `pad_token_id` to `eos_token_id`:1 for open-end generation.
Setting `pad_token_id` to `eos_token_id`:1 for open-end generation.
Setting `pad_token_id` to `eos_token_id`:1 for open-end generation.
Setting `pad_token_id` to `eos_token_id`:1 for open-end generation.
Setting `pad_token_id` to `eos_token_id`:1 for open-end generation.
Setting `pad_token_id` to `eos_token_id`:1 for open-end generation.
Setting `pad_token_id` to `eos_token_id`:1 for open-end generation.
Setting `pad_token_id` to `eos_token_id`:1 for open-end generation.
Setting `pad_token_id` to `eos_token_id`:1 for open-end generation.
Setting `pad_token_id` to `eos_token_id`:1 for open-end generation.
Setting `pad_token_id` to `eos_token_id`:1 for open-end generation.
Setting `pad_token_id` to `eos_token_id`:1 for open-end generation.
Setting `pad_token_id` to `eos_token_id`:1 for open-end generation.
Setting `pad_token_id` to `eos_token_id`:1 for open-end generation.
Setting `pad_token_id` to `eos_token_id`:1 for open-end generation.
Setting `pad_token_id` to `eos_token_id`:1 for open-end generation.
Setting `pad_token_id` to `eos_token_id`:1 for open-end generation.
Setting `pad_token_id` to `eos_token_id`:1 for open-end generation.
Setting `pad_token_id` to `eos_token_id`:1 for open-end generation.
Setting `pad_token_id` to `eos_token_id`:1 for open-end generation.
Setting `pad_token_id` to `eos_token_id`:1 for open-end generation.
Setting `pad_token_id` to `eos_token_id`:1 for open-end generation.
Setting `pad_token_id` to `eos_token_id`:1 for open-end generation.
Setting `pad_token_id` to `eos_token_id`:1 for open-end generation.
Setting `pad_token_id` to `eos_token_id`:1 for open-end generation.
Setting `pad_token_id` to `eos_token_id`:1 for open-end generation.
Setting `pad_token_id` to `eos_token_id`:1 for open-end generation.
Setting `pad_token_id` to `eos_token_id`:1 for open-end generation.
Setting `pad_token_id` to `eos_token_id`:1 for open-end generation.
Setting `pad_token_id` to `eos_token_id`:1 for open-end generation.
Setting `pad_token_id` to `eos_token_id`:1 for open-end generation.
Setting `pad_token_id` to `eos_token_id`:1 for open-end generation.
Setting `pad_token_id` to `eos_token_id`:1 for open-end generation.
Setting `pad_token_id` to `eos_token_id`:1 for open-end generation.
Setting `pad_token_id` to `eos_token_id`:1 for open-end generation.
Setting `pad_token_id` to `eos_token_id`:1 for open-end generation.
Setting `pad_token_id` to `eos_token_id`:1 for open-end generation.
Setting `pad_token_id` to `eos_token_id`:1 for open-end generation.
Setting `pad_token_id` to `eos_token_id`:1 for open-end generation.
Setting `pad_token_id` to `eos_token_id`:1 for open-end generation.
Setting `pad_token_id` to `eos_token_id`:1 for open-end generation.
Setting `pad_token_id` to `eos_token_id`:1 for open-end generation.
Setting `pad_token_id` to `eos_token_id`:1 for open-end generation.
Setting `pad_token_id` to `eos_token_id`:1 for open-end generation.
Setting `pad_token_id` to `eos_token_id`:1 for open-end generation.
Setting `pad_token_id` to `eos_token_id`:1 for open-end generation.
Setting `pad_token_id` to `eos_token_id`:1 for open-end generation.
Setting `pad_token_id` to `eos_token_id`:1 for open-end generation.
Setting `pad_token_id` to `eos_token_id`:1 for open-end generation.
Setting `pad_token_id` to `eos_token_id`:1 for open-end generation.
Setting `pad_token_id` to `eos_token_id`:1 for open-end generation.
Setting `pad_token_id` to `eos_token_id`:1 for open-end generation.
Setting `pad_token_id` to `eos_token_id`:1 for open-end generation.
Setting `pad_token_id` to `eos_token_id`:1 for open-end generation.
Setting `pad_token_id` to `eos_token_id`:1 for open-end generation.
Setting `pad_token_id` to `eos_token_id`:1 for open-end generation.
Setting `pad_token_id` to `eos_token_id`:1 for open-end generation.
Setting `pad_token_id` to `eos_token_id`:1 for open-end generation.
Setting `pad_token_id` to `eos_token_id`:1 for open-end generation.
Setting `pad_token_id` to `eos_token_id`:1 for open-end generation.
Setting `pad_token_id` to `eos_token_id`:1 for open-end generation.
Setting `pad_token_id` to `eos_token_id`:1 for open-end generation.
Setting `pad_token_id` to `eos_token_id`:1 for open-end generation.
Setting `pad_token_id` to `eos_token_id`:1 for open-end generation.
Setting `pad_token_id` to `eos_token_id`:1 for open-end generation.
Setting `pad_token_id` to `eos_token_id`:1 for open-end generation.
Setting `pad_token_id` to `eos_token_id`:1 for open-end generation.
Setting `pad_token_id` to `eos_token_id`:1 for open-end generation.
Setting `pad_token_id` to `eos_token_id`:1 for open-end generation.
Setting `pad_token_id` to `eos_token_id`:1 for open-end generation.
Setting `pad_token_id` to `eos_token_id`:1 for open-end generation.
Setting `pad_token_id` to `eos_token_id`:1 for open-end generation.
Setting `pad_token_id` to `eos_token_id`:1 for open-end generation.
Setting `pad_token_id` to `eos_token_id`:1 for open-end generation.
Setting `pad_token_id` to `eos_token_id`:1 for open-end generation.
Setting `pad_token_id` to `eos_token_id`:1 for open-end generation.
Setting `pad_token_id` to `eos_token_id`:1 for open-end generation.
Setting `pad_token_id` to `eos_token_id`:1 for open-end generation.
Setting `pad_token_id` to `eos_token_id`:1 for open-end generation.
Setting `pad_token_id` to `eos_token_id`:1 for open-end generation.
Setting `pad_token_id` to `eos_token_id`:1 for open-end generation.
Setting `pad_token_id` to `eos_token_id`:1 for open-end generation.
Setting `pad_token_id` to `eos_token_id`:1 for open-end generation.
Setting `pad_token_id` to `eos_token_id`:1 for open-end generation.
Setting `pad_token_id` to `eos_token_id`:1 for open-end generation.
Setting `pad_token_id` to `eos_token_id`:1 for open-end generation.
Setting `pad_token_id` to `eos_token_id`:1 for open-end generation.
Setting `pad_token_id` to `eos_token_id`:1 for open-end generation.
Setting `pad_token_id` to `eos_token_id`:1 for open-end generation.
Setting `pad_token_id` to `eos_token_id`:1 for open-end generation.
Setting `pad_token_id` to `eos_token_id`:1 for open-end generation.
Setting `pad_token_id` to `eos_token_id`:1 for open-end generation.
Setting `pad_token_id` to `eos_token_id`:1 for open-end generation.
Setting `pad_token_id` to `eos_token_id`:1 for open-end generation.
Setting `pad_token_id` to `eos_token_id`:1 for open-end generation.
Setting `pad_token_id` to `eos_token_id`:1 for open-end generation.
Setting `pad_token_id` to `eos_token_id`:1 for open-end generation.
Setting `pad_token_id` to `eos_token_id`:1 for open-end generation.
Setting `pad_token_id` to `eos_token_id`:1 for open-end generation.
Setting `pad_token_id` to `eos_token_id`:1 for open-end generation.
Setting `pad_token_id` to `eos_token_id`:1 for open-end generation.
Setting `pad_token_id` to `eos_token_id`:1 for open-end generation.
Setting `pad_token_id` to `eos_token_id`:1 for open-end generation.
Setting `pad_token_id` to `eos_token_id`:1 for open-end generation.
Setting `pad_token_id` to `eos_token_id`:1 for open-end generation.
Setting `pad_token_id` to `eos_token_id`:1 for open-end generation.
Setting `pad_token_id` to `eos_token_id`:1 for open-end generation.
Setting `pad_token_id` to `eos_token_id`:1 for open-end generation.
Setting `pad_token_id` to `eos_token_id`:1 for open-end generation.
Setting `pad_token_id` to `eos_token_id`:1 for open-end generation.
Setting `pad_token_id` to `eos_token_id`:1 for open-end generation.
Setting `pad_token_id` to `eos_token_id`:1 for open-end generation.
Setting `pad_token_id` to `eos_token_id`:1 for open-end generation.
Setting `pad_token_id` to `eos_token_id`:1 for open-end generation.
Setting `pad_token_id` to `eos_token_id`:1 for open-end generation.
Setting `pad_token_id` to `eos_token_id`:1 for open-end generation.
Setting `pad_token_id` to `eos_token_id`:1 for open-end generation.
Setting `pad_token_id` to `eos_token_id`:1 for open-end generation.
Setting `pad_token_id` to `eos_token_id`:1 for open-end generation.
Setting `pad_token_id` to `eos_token_id`:1 for open-end generation.
Setting `pad_token_id` to `eos_token_id`:1 for open-end generation.
Setting `pad_token_id` to `eos_token_id`:1 for open-end generation.
Setting `pad_token_id` to `eos_token_id`:1 for open-end generation.
Setting `pad_token_id` to `eos_token_id`:1 for open-end generation.
Setting `pad_token_id` to `eos_token_id`:1 for open-end generation.
Setting `pad_token_id` to `eos_token_id`:1 for open-end generation.
Setting `pad_token_id` to `eos_token_id`:1 for open-end generation.
Setting `pad_token_id` to `eos_token_id`:1 for open-end generation.
Setting `pad_token_id` to `eos_token_id`:1 for open-end generation.
Setting `pad_token_id` to `eos_token_id`:1 for open-end generation.
Setting `pad_token_id` to `eos_token_id`:1 for open-end generation.
Setting `pad_token_id` to `eos_token_id`:1 for open-end generation.
Setting `pad_token_id` to `eos_token_id`:1 for open-end generation.
Setting `pad_token_id` to `eos_token_id`:1 for open-end generation.
Setting `pad_token_id` to `eos_token_id`:1 for open-end generation.
Setting `pad_token_id` to `eos_token_id`:1 for open-end generation.
Setting `pad_token_id` to `eos_token_id`:1 for open-end generation.
Setting `pad_token_id` to `eos_token_id`:1 for open-end generation.
Setting `pad_token_id` to `eos_token_id`:1 for open-end generation.
Setting `pad_token_id` to `eos_token_id`:1 for open-end generation.
Setting `pad_token_id` to `eos_token_id`:1 for open-end generation.
Setting `pad_token_id` to `eos_token_id`:1 for open-end generation.
Setting `pad_token_id` to `eos_token_id`:1 for open-end generation.
Setting `pad_token_id` to `eos_token_id`:1 for open-end generation.
Setting `pad_token_id` to `eos_token_id`:1 for open-end generation.
Setting `pad_token_id` to `eos_token_id`:1 for open-end generation.
Setting `pad_token_id` to `eos_token_id`:1 for open-end generation.
Setting `pad_token_id` to `eos_token_id`:1 for open-end generation.
Setting `pad_token_id` to `eos_token_id`:1 for open-end generation.
Setting `pad_token_id` to `eos_token_id`:1 for open-end generation.
Setting `pad_token_id` to `eos_token_id`:1 for open-end generation.
Setting `pad_token_id` to `eos_token_id`:1 for open-end generation.
Setting `pad_token_id` to `eos_token_id`:1 for open-end generation.
Setting `pad_token_id` to `eos_token_id`:1 for open-end generation.
Setting `pad_token_id` to `eos_token_id`:1 for open-end generation.
Setting `pad_token_id` to `eos_token_id`:1 for open-end generation.
Setting `pad_token_id` to `eos_token_id`:1 for open-end generation.
Setting `pad_token_id` to `eos_token_id`:1 for open-end generation.
Setting `pad_token_id` to `eos_token_id`:1 for open-end generation.
Setting `pad_token_id` to `eos_token_id`:1 for open-end generation.
Setting `pad_token_id` to `eos_token_id`:1 for open-end generation.
Setting `pad_token_id` to `eos_token_id`:1 for open-end generation.
Setting `pad_token_id` to `eos_token_id`:1 for open-end generation.
Setting `pad_token_id` to `eos_token_id`:1 for open-end generation.
Setting `pad_token_id` to `eos_token_id`:1 for open-end generation.
Setting `pad_token_id` to `eos_token_id`:1 for open-end generation.
Setting `pad_token_id` to `eos_token_id`:1 for open-end generation.
Setting `pad_token_id` to `eos_token_id`:1 for open-end generation.
Setting `pad_token_id` to `eos_token_id`:1 for open-end generation.
Setting `pad_token_id` to `eos_token_id`:1 for open-end generation.
Setting `pad_token_id` to `eos_token_id`:1 for open-end generation.
Setting `pad_token_id` to `eos_token_id`:1 for open-end generation.
Setting `pad_token_id` to `eos_token_id`:1 for open-end generation.
Setting `pad_token_id` to `eos_token_id`:1 for open-end generation.
Setting `pad_token_id` to `eos_token_id`:1 for open-end generation.
Setting `pad_token_id` to `eos_token_id`:1 for open-end generation.
Setting `pad_token_id` to `eos_token_id`:1 for open-end generation.
Setting `pad_token_id` to `eos_token_id`:1 for open-end generation.
Setting `pad_token_id` to `eos_token_id`:1 for open-end generation.
Setting `pad_token_id` to `eos_token_id`:1 for open-end generation.
Setting `pad_token_id` to `eos_token_id`:1 for open-end generation.
Setting `pad_token_id` to `eos_token_id`:1 for open-end generation.
Setting `pad_token_id` to `eos_token_id`:1 for open-end generation.
Setting `pad_token_id` to `eos_token_id`:1 for open-end generation.
Setting `pad_token_id` to `eos_token_id`:1 for open-end generation.
Setting `pad_token_id` to `eos_token_id`:1 for open-end generation.
Setting `pad_token_id` to `eos_token_id`:1 for open-end generation.
Setting `pad_token_id` to `eos_token_id`:1 for open-end generation.
Setting `pad_token_id` to `eos_token_id`:1 for open-end generation.
Setting `pad_token_id` to `eos_token_id`:1 for open-end generation.
Setting `pad_token_id` to `eos_token_id`:1 for open-end generation.
Setting `pad_token_id` to `eos_token_id`:1 for open-end generation.
Setting `pad_token_id` to `eos_token_id`:1 for open-end generation.
Setting `pad_token_id` to `eos_token_id`:1 for open-end generation.
Setting `pad_token_id` to `eos_token_id`:1 for open-end generation.
Setting `pad_token_id` to `eos_token_id`:1 for open-end generation.
Setting `pad_token_id` to `eos_token_id`:1 for open-end generation.
Setting `pad_token_id` to `eos_token_id`:1 for open-end generation.
Setting `pad_token_id` to `eos_token_id`:1 for open-end generation.
Setting `pad_token_id` to `eos_token_id`:1 for open-end generation.
Setting `pad_token_id` to `eos_token_id`:1 for open-end generation.
Setting `pad_token_id` to `eos_token_id`:1 for open-end generation.
Setting `pad_token_id` to `eos_token_id`:1 for open-end generation.
Setting `pad_token_id` to `eos_token_id`:1 for open-end generation.
Setting `pad_token_id` to `eos_token_id`:1 for open-end generation.
Setting `pad_token_id` to `eos_token_id`:1 for open-end generation.
Setting `pad_token_id` to `eos_token_id`:1 for open-end generation.
Setting `pad_token_id` to `eos_token_id`:1 for open-end generation.
Setting `pad_token_id` to `eos_token_id`:1 for open-end generation.
Setting `pad_token_id` to `eos_token_id`:1 for open-end generation.
Setting `pad_token_id` to `eos_token_id`:1 for open-end generation.
Setting `pad_token_id` to `eos_token_id`:1 for open-end generation.
Setting `pad_token_id` to `eos_token_id`:1 for open-end generation.
Setting `pad_token_id` to `eos_token_id`:1 for open-end generation.
Setting `pad_token_id` to `eos_token_id`:1 for open-end generation.
Setting `pad_token_id` to `eos_token_id`:1 for open-end generation.
Setting `pad_token_id` to `eos_token_id`:1 for open-end generation.
Setting `pad_token_id` to `eos_token_id`:1 for open-end generation.
Setting `pad_token_id` to `eos_token_id`:1 for open-end generation.
Setting `pad_token_id` to `eos_token_id`:1 for open-end generation.
Setting `pad_token_id` to `eos_token_id`:1 for open-end generation.
Setting `pad_token_id` to `eos_token_id`:1 for open-end generation.
Setting `pad_token_id` to `eos_token_id`:1 for open-end generation.
Setting `pad_token_id` to `eos_token_id`:1 for open-end generation.
Setting `pad_token_id` to `eos_token_id`:1 for open-end generation.
Setting `pad_token_id` to `eos_token_id`:1 for open-end generation.
Setting `pad_token_id` to `eos_token_id`:1 for open-end generation.
Setting `pad_token_id` to `eos_token_id`:1 for open-end generation.
Setting `pad_token_id` to `eos_token_id`:1 for open-end generation.
Setting `pad_token_id` to `eos_token_id`:1 for open-end generation.
Setting `pad_token_id` to `eos_token_id`:1 for open-end generation.
Setting `pad_token_id` to `eos_token_id`:1 for open-end generation.
Setting `pad_token_id` to `eos_token_id`:1 for open-end generation.
Setting `pad_token_id` to `eos_token_id`:1 for open-end generation.
Setting `pad_token_id` to `eos_token_id`:1 for open-end generation.
Setting `pad_token_id` to `eos_token_id`:1 for open-end generation.
Setting `pad_token_id` to `eos_token_id`:1 for open-end generation.
Setting `pad_token_id` to `eos_token_id`:1 for open-end generation.
Setting `pad_token_id` to `eos_token_id`:1 for open-end generation.
Setting `pad_token_id` to `eos_token_id`:1 for open-end generation.
Setting `pad_token_id` to `eos_token_id`:1 for open-end generation.
Setting `pad_token_id` to `eos_token_id`:1 for open-end generation.
Setting `pad_token_id` to `eos_token_id`:1 for open-end generation.
Setting `pad_token_id` to `eos_token_id`:1 for open-end generation.
Setting `pad_token_id` to `eos_token_id`:1 for open-end generation.
Setting `pad_token_id` to `eos_token_id`:1 for open-end generation.
Setting `pad_token_id` to `eos_token_id`:1 for open-end generation.
Setting `pad_token_id` to `eos_token_id`:1 for open-end generation.
Setting `pad_token_id` to `eos_token_id`:1 for open-end generation.
Setting `pad_token_id` to `eos_token_id`:1 for open-end generation.
Setting `pad_token_id` to `eos_token_id`:1 for open-end generation.
Setting `pad_token_id` to `eos_token_id`:1 for open-end generation.
Setting `pad_token_id` to `eos_token_id`:1 for open-end generation.
Setting `pad_token_id` to `eos_token_id`:1 for open-end generation.
Setting `pad_token_id` to `eos_token_id`:1 for open-end generation.
Setting `pad_token_id` to `eos_token_id`:1 for open-end generation.
Setting `pad_token_id` to `eos_token_id`:1 for open-end generation.
Setting `pad_token_id` to `eos_token_id`:1 for open-end generation.
Setting `pad_token_id` to `eos_token_id`:1 for open-end generation.
Setting `pad_token_id` to `eos_token_id`:1 for open-end generation.
Setting `pad_token_id` to `eos_token_id`:1 for open-end generation.
Setting `pad_token_id` to `eos_token_id`:1 for open-end generation.
Setting `pad_token_id` to `eos_token_id`:1 for open-end generation.
Setting `pad_token_id` to `eos_token_id`:1 for open-end generation.
Setting `pad_token_id` to `eos_token_id`:1 for open-end generation.
Setting `pad_token_id` to `eos_token_id`:1 for open-end generation.
Setting `pad_token_id` to `eos_token_id`:1 for open-end generation.
Setting `pad_token_id` to `eos_token_id`:1 for open-end generation.
Setting `pad_token_id` to `eos_token_id`:1 for open-end generation.
Setting `pad_token_id` to `eos_token_id`:1 for open-end generation.
Setting `pad_token_id` to `eos_token_id`:1 for open-end generation.
Setting `pad_token_id` to `eos_token_id`:1 for open-end generation.
Setting `pad_token_id` to `eos_token_id`:1 for open-end generation.
Setting `pad_token_id` to `eos_token_id`:1 for open-end generation.
Setting `pad_token_id` to `eos_token_id`:1 for open-end generation.
Setting `pad_token_id` to `eos_token_id`:1 for open-end generation.
Setting `pad_token_id` to `eos_token_id`:1 for open-end generation.
Setting `pad_token_id` to `eos_token_id`:1 for open-end generation.
Setting `pad_token_id` to `eos_token_id`:1 for open-end generation.
Setting `pad_token_id` to `eos_token_id`:1 for open-end generation.
Setting `pad_token_id` to `eos_token_id`:1 for open-end generation.
Setting `pad_token_id` to `eos_token_id`:1 for open-end generation.
Setting `pad_token_id` to `eos_token_id`:1 for open-end generation.
Setting `pad_token_id` to `eos_token_id`:1 for open-end generation.
Setting `pad_token_id` to `eos_token_id`:1 for open-end generation.
Setting `pad_token_id` to `eos_token_id`:1 for open-end generation.
Setting `pad_token_id` to `eos_token_id`:1 for open-end generation.
Setting `pad_token_id` to `eos_token_id`:1 for open-end generation.
Setting `pad_token_id` to `eos_token_id`:1 for open-end generation.
Setting `pad_token_id` to `eos_token_id`:1 for open-end generation.
Setting `pad_token_id` to `eos_token_id`:1 for open-end generation.
Setting `pad_token_id` to `eos_token_id`:1 for open-end generation.
Setting `pad_token_id` to `eos_token_id`:1 for open-end generation.
Setting `pad_token_id` to `eos_token_id`:1 for open-end generation.
Setting `pad_token_id` to `eos_token_id`:1 for open-end generation.
Setting `pad_token_id` to `eos_token_id`:1 for open-end generation.
Setting `pad_token_id` to `eos_token_id`:1 for open-end generation.
Setting `pad_token_id` to `eos_token_id`:1 for open-end generation.
Setting `pad_token_id` to `eos_token_id`:1 for open-end generation.
Setting `pad_token_id` to `eos_token_id`:1 for open-end generation.
Setting `pad_token_id` to `eos_token_id`:1 for open-end generation.
Setting `pad_token_id` to `eos_token_id`:1 for open-end generation.
Setting `pad_token_id` to `eos_token_id`:1 for open-end generation.
Setting `pad_token_id` to `eos_token_id`:1 for open-end generation.
Setting `pad_token_id` to `eos_token_id`:1 for open-end generation.
Setting `pad_token_id` to `eos_token_id`:1 for open-end generation.
Setting `pad_token_id` to `eos_token_id`:1 for open-end generation.
Setting `pad_token_id` to `eos_token_id`:1 for open-end generation.
Setting `pad_token_id` to `eos_token_id`:1 for open-end generation.
Setting `pad_token_id` to `eos_token_id`:1 for open-end generation.
Setting `pad_token_id` to `eos_token_id`:1 for open-end generation.
Setting `pad_token_id` to `eos_token_id`:1 for open-end generation.
Setting `pad_token_id` to `eos_token_id`:1 for open-end generation.
Setting `pad_token_id` to `eos_token_id`:1 for open-end generation.
Setting `pad_token_id` to `eos_token_id`:1 for open-end generation.
Setting `pad_token_id` to `eos_token_id`:1 for open-end generation.
Setting `pad_token_id` to `eos_token_id`:1 for open-end generation.
Setting `pad_token_id` to `eos_token_id`:1 for open-end generation.
Setting `pad_token_id` to `eos_token_id`:1 for open-end generation.
Setting `pad_token_id` to `eos_token_id`:1 for open-end generation.
Setting `pad_token_id` to `eos_token_id`:1 for open-end generation.
Setting `pad_token_id` to `eos_token_id`:1 for open-end generation.
Setting `pad_token_id` to `eos_token_id`:1 for open-end generation.
Setting `pad_token_id` to `eos_token_id`:1 for open-end generation.
Setting `pad_token_id` to `eos_token_id`:1 for open-end generation.
Setting `pad_token_id` to `eos_token_id`:1 for open-end generation.
Setting `pad_token_id` to `eos_token_id`:1 for open-end generation.
Setting `pad_token_id` to `eos_token_id`:1 for open-end generation.
Setting `pad_token_id` to `eos_token_id`:1 for open-end generation.
Setting `pad_token_id` to `eos_token_id`:1 for open-end generation.
Setting `pad_token_id` to `eos_token_id`:1 for open-end generation.
Setting `pad_token_id` to `eos_token_id`:1 for open-end generation.
Setting `pad_token_id` to `eos_token_id`:1 for open-end generation.
Setting `pad_token_id` to `eos_token_id`:1 for open-end generation.
Setting `pad_token_id` to `eos_token_id`:1 for open-end generation.
Setting `pad_token_id` to `eos_token_id`:1 for open-end generation.
Setting `pad_token_id` to `eos_token_id`:1 for open-end generation.
Setting `pad_token_id` to `eos_token_id`:1 for open-end generation.
Setting `pad_token_id` to `eos_token_id`:1 for open-end generation.
Setting `pad_token_id` to `eos_token_id`:1 for open-end generation.
Setting `pad_token_id` to `eos_token_id`:1 for open-end generation.
Setting `pad_token_id` to `eos_token_id`:1 for open-end generation.
Setting `pad_token_id` to `eos_token_id`:1 for open-end generation.
Setting `pad_token_id` to `eos_token_id`:1 for open-end generation.
Setting `pad_token_id` to `eos_token_id`:1 for open-end generation.
Setting `pad_token_id` to `eos_token_id`:1 for open-end generation.
Setting `pad_token_id` to `eos_token_id`:1 for open-end generation.
Setting `pad_token_id` to `eos_token_id`:1 for open-end generation.
Setting `pad_token_id` to `eos_token_id`:1 for open-end generation.
Setting `pad_token_id` to `eos_token_id`:1 for open-end generation.
Setting `pad_token_id` to `eos_token_id`:1 for open-end generation.
Setting `pad_token_id` to `eos_token_id`:1 for open-end generation.
Setting `pad_token_id` to `eos_token_id`:1 for open-end generation.
Setting `pad_token_id` to `eos_token_id`:1 for open-end generation.
Setting `pad_token_id` to `eos_token_id`:1 for open-end generation.
Setting `pad_token_id` to `eos_token_id`:1 for open-end generation.
Setting `pad_token_id` to `eos_token_id`:1 for open-end generation.
Setting `pad_token_id` to `eos_token_id`:1 for open-end generation.
Setting `pad_token_id` to `eos_token_id`:1 for open-end generation.
Setting `pad_token_id` to `eos_token_id`:1 for open-end generation.
Setting `pad_token_id` to `eos_token_id`:1 for open-end generation.
Setting `pad_token_id` to `eos_token_id`:1 for open-end generation.
Setting `pad_token_id` to `eos_token_id`:1 for open-end generation.
Setting `pad_token_id` to `eos_token_id`:1 for open-end generation.
Setting `pad_token_id` to `eos_token_id`:1 for open-end generation.
Setting `pad_token_id` to `eos_token_id`:1 for open-end generation.
Setting `pad_token_id` to `eos_token_id`:1 for open-end generation.
Setting `pad_token_id` to `eos_token_id`:1 for open-end generation.
Setting `pad_token_id` to `eos_token_id`:1 for open-end generation.
Setting `pad_token_id` to `eos_token_id`:1 for open-end generation.
Setting `pad_token_id` to `eos_token_id`:1 for open-end generation.
Setting `pad_token_id` to `eos_token_id`:1 for open-end generation.
Setting `pad_token_id` to `eos_token_id`:1 for open-end generation.
Setting `pad_token_id` to `eos_token_id`:1 for open-end generation.
Setting `pad_token_id` to `eos_token_id`:1 for open-end generation.
Setting `pad_token_id` to `eos_token_id`:1 for open-end generation.
Setting `pad_token_id` to `eos_token_id`:1 for open-end generation.
Setting `pad_token_id` to `eos_token_id`:1 for open-end generation.
Setting `pad_token_id` to `eos_token_id`:1 for open-end generation.
Setting `pad_token_id` to `eos_token_id`:1 for open-end generation.
Setting `pad_token_id` to `eos_token_id`:1 for open-end generation.
Setting `pad_token_id` to `eos_token_id`:1 for open-end generation.
Setting `pad_token_id` to `eos_token_id`:1 for open-end generation.
Setting `pad_token_id` to `eos_token_id`:1 for open-end generation.
Setting `pad_token_id` to `eos_token_id`:1 for open-end generation.
Setting `pad_token_id` to `eos_token_id`:1 for open-end generation.
Setting `pad_token_id` to `eos_token_id`:1 for open-end generation.
Setting `pad_token_id` to `eos_token_id`:1 for open-end generation.
Setting `pad_token_id` to `eos_token_id`:1 for open-end generation.
Setting `pad_token_id` to `eos_token_id`:1 for open-end generation.
Setting `pad_token_id` to `eos_token_id`:1 for open-end generation.
Setting `pad_token_id` to `eos_token_id`:1 for open-end generation.
Setting `pad_token_id` to `eos_token_id`:1 for open-end generation.
Setting `pad_token_id` to `eos_token_id`:1 for open-end generation.
Setting `pad_token_id` to `eos_token_id`:1 for open-end generation.
Setting `pad_token_id` to `eos_token_id`:1 for open-end generation.
Setting `pad_token_id` to `eos_token_id`:1 for open-end generation.
Setting `pad_token_id` to `eos_token_id`:1 for open-end generation.
Setting `pad_token_id` to `eos_token_id`:1 for open-end generation.
Setting `pad_token_id` to `eos_token_id`:1 for open-end generation.
Setting `pad_token_id` to `eos_token_id`:1 for open-end generation.
Setting `pad_token_id` to `eos_token_id`:1 for open-end generation.
Setting `pad_token_id` to `eos_token_id`:1 for open-end generation.
Setting `pad_token_id` to `eos_token_id`:1 for open-end generation.
Setting `pad_token_id` to `eos_token_id`:1 for open-end generation.
Setting `pad_token_id` to `eos_token_id`:1 for open-end generation.
Setting `pad_token_id` to `eos_token_id`:1 for open-end generation.
Setting `pad_token_id` to `eos_token_id`:1 for open-end generation.
Setting `pad_token_id` to `eos_token_id`:1 for open-end generation.
Setting `pad_token_id` to `eos_token_id`:1 for open-end generation.
Setting `pad_token_id` to `eos_token_id`:1 for open-end generation.
Setting `pad_token_id` to `eos_token_id`:1 for open-end generation.
Setting `pad_token_id` to `eos_token_id`:1 for open-end generation.
Setting `pad_token_id` to `eos_token_id`:1 for open-end generation.
Setting `pad_token_id` to `eos_token_id`:1 for open-end generation.
Setting `pad_token_id` to `eos_token_id`:1 for open-end generation.
Setting `pad_token_id` to `eos_token_id`:1 for open-end generation.
Setting `pad_token_id` to `eos_token_id`:1 for open-end generation.
Setting `pad_token_id` to `eos_token_id`:1 for open-end generation.
Setting `pad_token_id` to `eos_token_id`:1 for open-end generation.
Setting `pad_token_id` to `eos_token_id`:1 for open-end generation.
Setting `pad_token_id` to `eos_token_id`:1 for open-end generation.
Setting `pad_token_id` to `eos_token_id`:1 for open-end generation.
Setting `pad_token_id` to `eos_token_id`:1 for open-end generation.
Setting `pad_token_id` to `eos_token_id`:1 for open-end generation.
Setting `pad_token_id` to `eos_token_id`:1 for open-end generation.
Setting `pad_token_id` to `eos_token_id`:1 for open-end generation.
Setting `pad_token_id` to `eos_token_id`:1 for open-end generation.
Setting `pad_token_id` to `eos_token_id`:1 for open-end generation.
Setting `pad_token_id` to `eos_token_id`:1 for open-end generation.
Setting `pad_token_id` to `eos_token_id`:1 for open-end generation.
Setting `pad_token_id` to `eos_token_id`:1 for open-end generation.
Setting `pad_token_id` to `eos_token_id`:1 for open-end generation.
Setting `pad_token_id` to `eos_token_id`:1 for open-end generation.
Setting `pad_token_id` to `eos_token_id`:1 for open-end generation.
Setting `pad_token_id` to `eos_token_id`:1 for open-end generation.
Setting `pad_token_id` to `eos_token_id`:1 for open-end generation.
Setting `pad_token_id` to `eos_token_id`:1 for open-end generation.
Setting `pad_token_id` to `eos_token_id`:1 for open-end generation.
Setting `pad_token_id` to `eos_token_id`:1 for open-end generation.
Setting `pad_token_id` to `eos_token_id`:1 for open-end generation.
Setting `pad_token_id` to `eos_token_id`:1 for open-end generation.
Setting `pad_token_id` to `eos_token_id`:1 for open-end generation.
Setting `pad_token_id` to `eos_token_id`:1 for open-end generation.
Setting `pad_token_id` to `eos_token_id`:1 for open-end generation.
Setting `pad_token_id` to `eos_token_id`:1 for open-end generation.
Setting `pad_token_id` to `eos_token_id`:1 for open-end generation.
Setting `pad_token_id` to `eos_token_id`:1 for open-end generation.
Setting `pad_token_id` to `eos_token_id`:1 for open-end generation.
Setting `pad_token_id` to `eos_token_id`:1 for open-end generation.
Setting `pad_token_id` to `eos_token_id`:1 for open-end generation.
Setting `pad_token_id` to `eos_token_id`:1 for open-end generation.
Setting `pad_token_id` to `eos_token_id`:1 for open-end generation.
Setting `pad_token_id` to `eos_token_id`:1 for open-end generation.
Setting `pad_token_id` to `eos_token_id`:1 for open-end generation.
Setting `pad_token_id` to `eos_token_id`:1 for open-end generation.
Setting `pad_token_id` to `eos_token_id`:1 for open-end generation.
Setting `pad_token_id` to `eos_token_id`:1 for open-end generation.
Setting `pad_token_id` to `eos_token_id`:1 for open-end generation.
Setting `pad_token_id` to `eos_token_id`:1 for open-end generation.
Setting `pad_token_id` to `eos_token_id`:1 for open-end generation.
Setting `pad_token_id` to `eos_token_id`:1 for open-end generation.
Setting `pad_token_id` to `eos_token_id`:1 for open-end generation.
Setting `pad_token_id` to `eos_token_id`:1 for open-end generation.
Setting `pad_token_id` to `eos_token_id`:1 for open-end generation.
Setting `pad_token_id` to `eos_token_id`:1 for open-end generation.
Setting `pad_token_id` to `eos_token_id`:1 for open-end generation.
Setting `pad_token_id` to `eos_token_id`:1 for open-end generation.
Setting `pad_token_id` to `eos_token_id`:1 for open-end generation.
Setting `pad_token_id` to `eos_token_id`:1 for open-end generation.
Setting `pad_token_id` to `eos_token_id`:1 for open-end generation.
Setting `pad_token_id` to `eos_token_id`:1 for open-end generation.
Setting `pad_token_id` to `eos_token_id`:1 for open-end generation.
Setting `pad_token_id` to `eos_token_id`:1 for open-end generation.
Setting `pad_token_id` to `eos_token_id`:1 for open-end generation.
Setting `pad_token_id` to `eos_token_id`:1 for open-end generation.
Setting `pad_token_id` to `eos_token_id`:1 for open-end generation.
Setting `pad_token_id` to `eos_token_id`:1 for open-end generation.
Setting `pad_token_id` to `eos_token_id`:1 for open-end generation.
Setting `pad_token_id` to `eos_token_id`:1 for open-end generation.
Setting `pad_token_id` to `eos_token_id`:1 for open-end generation.
Setting `pad_token_id` to `eos_token_id`:1 for open-end generation.
Setting `pad_token_id` to `eos_token_id`:1 for open-end generation.
Setting `pad_token_id` to `eos_token_id`:1 for open-end generation.
Setting `pad_token_id` to `eos_token_id`:1 for open-end generation.
Setting `pad_token_id` to `eos_token_id`:1 for open-end generation.
Setting `pad_token_id` to `eos_token_id`:1 for open-end generation.
Setting `pad_token_id` to `eos_token_id`:1 for open-end generation.
Setting `pad_token_id` to `eos_token_id`:1 for open-end generation.
Setting `pad_token_id` to `eos_token_id`:1 for open-end generation.
Setting `pad_token_id` to `eos_token_id`:1 for open-end generation.
Setting `pad_token_id` to `eos_token_id`:1 for open-end generation.
Setting `pad_token_id` to `eos_token_id`:1 for open-end generation.
Setting `pad_token_id` to `eos_token_id`:1 for open-end generation.
Setting `pad_token_id` to `eos_token_id`:1 for open-end generation.
Setting `pad_token_id` to `eos_token_id`:1 for open-end generation.
Setting `pad_token_id` to `eos_token_id`:1 for open-end generation.
Setting `pad_token_id` to `eos_token_id`:1 for open-end generation.
Setting `pad_token_id` to `eos_token_id`:1 for open-end generation.
Setting `pad_token_id` to `eos_token_id`:1 for open-end generation.
Setting `pad_token_id` to `eos_token_id`:1 for open-end generation.
Setting `pad_token_id` to `eos_token_id`:1 for open-end generation.
Setting `pad_token_id` to `eos_token_id`:1 for open-end generation.
Setting `pad_token_id` to `eos_token_id`:1 for open-end generation.
Setting `pad_token_id` to `eos_token_id`:1 for open-end generation.
Setting `pad_token_id` to `eos_token_id`:1 for open-end generation.
Setting `pad_token_id` to `eos_token_id`:1 for open-end generation.
Setting `pad_token_id` to `eos_token_id`:1 for open-end generation.
Setting `pad_token_id` to `eos_token_id`:1 for open-end generation.
Setting `pad_token_id` to `eos_token_id`:1 for open-end generation.
Setting `pad_token_id` to `eos_token_id`:1 for open-end generation.
Setting `pad_token_id` to `eos_token_id`:1 for open-end generation.
Setting `pad_token_id` to `eos_token_id`:1 for open-end generation.
Setting `pad_token_id` to `eos_token_id`:1 for open-end generation.
Setting `pad_token_id` to `eos_token_id`:1 for open-end generation.
Setting `pad_token_id` to `eos_token_id`:1 for open-end generation.
Setting `pad_token_id` to `eos_token_id`:1 for open-end generation.
Setting `pad_token_id` to `eos_token_id`:1 for open-end generation.
Setting `pad_token_id` to `eos_token_id`:1 for open-end generation.
Setting `pad_token_id` to `eos_token_id`:1 for open-end generation.
Setting `pad_token_id` to `eos_token_id`:1 for open-end generation.
Setting `pad_token_id` to `eos_token_id`:1 for open-end generation.
Setting `pad_token_id` to `eos_token_id`:1 for open-end generation.
Setting `pad_token_id` to `eos_token_id`:1 for open-end generation.
----------------------------------------
Exception occurred during processing of request from ('127.0.0.1', 49393)
Traceback (most recent call last):
  File "/Users/nothingtodo/IdeaProjects/seupd2526-nexa/code/scripts/translategemma_server.py", line 118, in do_POST
    self._send_json(200, {"translation": translation})
  File "/Users/nothingtodo/IdeaProjects/seupd2526-nexa/code/scripts/translategemma_server.py", line 133, in _send_json
    self.wfile.write(encoded_body)
  File "/Library/Developer/CommandLineTools/Library/Frameworks/Python3.framework/Versions/3.9/lib/python3.9/socketserver.py", line 826, in write
    self._sock.sendall(b)
BrokenPipeError: [Errno 32] Broken pipe

During handling of the above exception, another exception occurred:

Traceback (most recent call last):
  File "/Library/Developer/CommandLineTools/Library/Frameworks/Python3.framework/Versions/3.9/lib/python3.9/socketserver.py", line 683, in process_request_thread
    self.finish_request(request, client_address)
  File "/Library/Developer/CommandLineTools/Library/Frameworks/Python3.framework/Versions/3.9/lib/python3.9/socketserver.py", line 360, in finish_request
    self.RequestHandlerClass(request, client_address, self)
  File "/Library/Developer/CommandLineTools/Library/Frameworks/Python3.framework/Versions/3.9/lib/python3.9/socketserver.py", line 747, in __init__
    self.handle()
  File "/Library/Developer/CommandLineTools/Library/Frameworks/Python3.framework/Versions/3.9/lib/python3.9/http/server.py", line 434, in handle
    self.handle_one_request()
  File "/Library/Developer/CommandLineTools/Library/Frameworks/Python3.framework/Versions/3.9/lib/python3.9/http/server.py", line 422, in handle_one_request
    method()
  File "/Users/nothingtodo/IdeaProjects/seupd2526-nexa/code/scripts/translategemma_server.py", line 122, in do_POST
    self._send_json(500, {"error": str(exc)})
  File "/Users/nothingtodo/IdeaProjects/seupd2526-nexa/code/scripts/translategemma_server.py", line 132, in _send_json
    self.end_headers()
  File "/Library/Developer/CommandLineTools/Library/Frameworks/Python3.framework/Versions/3.9/lib/python3.9/http/server.py", line 536, in end_headers
    self.flush_headers()
  File "/Library/Developer/CommandLineTools/Library/Frameworks/Python3.framework/Versions/3.9/lib/python3.9/http/server.py", line 540, in flush_headers
    self.wfile.write(b"".join(self._headers_buffer))
  File "/Library/Developer/CommandLineTools/Library/Frameworks/Python3.framework/Versions/3.9/lib/python3.9/socketserver.py", line 826, in write
    self._sock.sendall(b)
BrokenPipeError: [Errno 32] Broken pipe
----------------------------------------
Setting `pad_token_id` to `eos_token_id`:1 for open-end generation.
Setting `pad_token_id` to `eos_token_id`:1 for open-end generation.
----------------------------------------
Exception occurred during processing of request from ('127.0.0.1', 49365)
Traceback (most recent call last):
  File "/Users/nothingtodo/IdeaProjects/seupd2526-nexa/code/scripts/translategemma_server.py", line 118, in do_POST
    self._send_json(200, {"translation": translation})
  File "/Users/nothingtodo/IdeaProjects/seupd2526-nexa/code/scripts/translategemma_server.py", line 132, in _send_json
    self.end_headers()
  File "/Library/Developer/CommandLineTools/Library/Frameworks/Python3.framework/Versions/3.9/lib/python3.9/http/server.py", line 536, in end_headers
    self.flush_headers()
  File "/Library/Developer/CommandLineTools/Library/Frameworks/Python3.framework/Versions/3.9/lib/python3.9/http/server.py", line 540, in flush_headers
    self.wfile.write(b"".join(self._headers_buffer))
  File "/Library/Developer/CommandLineTools/Library/Frameworks/Python3.framework/Versions/3.9/lib/python3.9/socketserver.py", line 826, in write
    self._sock.sendall(b)
BrokenPipeError: [Errno 32] Broken pipe

During handling of the above exception, another exception occurred:

Traceback (most recent call last):
  File "/Library/Developer/CommandLineTools/Library/Frameworks/Python3.framework/Versions/3.9/lib/python3.9/socketserver.py", line 683, in process_request_thread
    self.finish_request(request, client_address)
  File "/Library/Developer/CommandLineTools/Library/Frameworks/Python3.framework/Versions/3.9/lib/python3.9/socketserver.py", line 360, in finish_request
    self.RequestHandlerClass(request, client_address, self)
  File "/Library/Developer/CommandLineTools/Library/Frameworks/Python3.framework/Versions/3.9/lib/python3.9/socketserver.py", line 747, in __init__
    self.handle()
  File "/Library/Developer/CommandLineTools/Library/Frameworks/Python3.framework/Versions/3.9/lib/python3.9/http/server.py", line 434, in handle
    self.handle_one_request()
  File "/Library/Developer/CommandLineTools/Library/Frameworks/Python3.framework/Versions/3.9/lib/python3.9/http/server.py", line 422, in handle_one_request
    method()
  File "/Users/nothingtodo/IdeaProjects/seupd2526-nexa/code/scripts/translategemma_server.py", line 122, in do_POST
    self._send_json(500, {"error": str(exc)})
  File "/Users/nothingtodo/IdeaProjects/seupd2526-nexa/code/scripts/translategemma_server.py", line 132, in _send_json
    self.end_headers()
  File "/Library/Developer/CommandLineTools/Library/Frameworks/Python3.framework/Versions/3.9/lib/python3.9/http/server.py", line 536, in end_headers
    self.flush_headers()
  File "/Library/Developer/CommandLineTools/Library/Frameworks/Python3.framework/Versions/3.9/lib/python3.9/http/server.py", line 540, in flush_headers
    self.wfile.write(b"".join(self._headers_buffer))
  File "/Library/Developer/CommandLineTools/Library/Frameworks/Python3.framework/Versions/3.9/lib/python3.9/socketserver.py", line 826, in write
    self._sock.sendall(b)
BrokenPipeError: [Errno 32] Broken pipe
----------------------------------------
Setting `pad_token_id` to `eos_token_id`:1 for open-end generation.
Setting `pad_token_id` to `eos_token_id`:1 for open-end generation.
Setting `pad_token_id` to `eos_token_id`:1 for open-end generation.
----------------------------------------
Exception occurred during processing of request from ('127.0.0.1', 49397)
Traceback (most recent call last):
  File "/Users/nothingtodo/IdeaProjects/seupd2526-nexa/code/scripts/translategemma_server.py", line 118, in do_POST
    self._send_json(200, {"translation": translation})
  File "/Users/nothingtodo/IdeaProjects/seupd2526-nexa/code/scripts/translategemma_server.py", line 132, in _send_json
    self.end_headers()
  File "/Library/Developer/CommandLineTools/Library/Frameworks/Python3.framework/Versions/3.9/lib/python3.9/http/server.py", line 536, in end_headers
    self.flush_headers()
  File "/Library/Developer/CommandLineTools/Library/Frameworks/Python3.framework/Versions/3.9/lib/python3.9/http/server.py", line 540, in flush_headers
    self.wfile.write(b"".join(self._headers_buffer))
  File "/Library/Developer/CommandLineTools/Library/Frameworks/Python3.framework/Versions/3.9/lib/python3.9/socketserver.py", line 826, in write
    self._sock.sendall(b)
BrokenPipeError: [Errno 32] Broken pipe

During handling of the above exception, another exception occurred:

Traceback (most recent call last):
  File "/Library/Developer/CommandLineTools/Library/Frameworks/Python3.framework/Versions/3.9/lib/python3.9/socketserver.py", line 683, in process_request_thread
    self.finish_request(request, client_address)
  File "/Library/Developer/CommandLineTools/Library/Frameworks/Python3.framework/Versions/3.9/lib/python3.9/socketserver.py", line 360, in finish_request
    self.RequestHandlerClass(request, client_address, self)
  File "/Library/Developer/CommandLineTools/Library/Frameworks/Python3.framework/Versions/3.9/lib/python3.9/socketserver.py", line 747, in __init__
    self.handle()
  File "/Library/Developer/CommandLineTools/Library/Frameworks/Python3.framework/Versions/3.9/lib/python3.9/http/server.py", line 434, in handle
    self.handle_one_request()
  File "/Library/Developer/CommandLineTools/Library/Frameworks/Python3.framework/Versions/3.9/lib/python3.9/http/server.py", line 422, in handle_one_request
    method()
  File "/Users/nothingtodo/IdeaProjects/seupd2526-nexa/code/scripts/translategemma_server.py", line 122, in do_POST
    self._send_json(500, {"error": str(exc)})
  File "/Users/nothingtodo/IdeaProjects/seupd2526-nexa/code/scripts/translategemma_server.py", line 132, in _send_json
    self.end_headers()
  File "/Library/Developer/CommandLineTools/Library/Frameworks/Python3.framework/Versions/3.9/lib/python3.9/http/server.py", line 536, in end_headers
    self.flush_headers()
  File "/Library/Developer/CommandLineTools/Library/Frameworks/Python3.framework/Versions/3.9/lib/python3.9/http/server.py", line 540, in flush_headers
    self.wfile.write(b"".join(self._headers_buffer))
  File "/Library/Developer/CommandLineTools/Library/Frameworks/Python3.framework/Versions/3.9/lib/python3.9/socketserver.py", line 826, in write
    self._sock.sendall(b)
BrokenPipeError: [Errno 32] Broken pipe
----------------------------------------
----------------------------------------
Exception occurred during processing of request from ('127.0.0.1', 49362)
Traceback (most recent call last):
  File "/Users/nothingtodo/IdeaProjects/seupd2526-nexa/code/scripts/translategemma_server.py", line 118, in do_POST
    self._send_json(200, {"translation": translation})
  File "/Users/nothingtodo/IdeaProjects/seupd2526-nexa/code/scripts/translategemma_server.py", line 132, in _send_json
    self.end_headers()
  File "/Library/Developer/CommandLineTools/Library/Frameworks/Python3.framework/Versions/3.9/lib/python3.9/http/server.py", line 536, in end_headers
    self.flush_headers()
  File "/Library/Developer/CommandLineTools/Library/Frameworks/Python3.framework/Versions/3.9/lib/python3.9/http/server.py", line 540, in flush_headers
    self.wfile.write(b"".join(self._headers_buffer))
  File "/Library/Developer/CommandLineTools/Library/Frameworks/Python3.framework/Versions/3.9/lib/python3.9/socketserver.py", line 826, in write
    self._sock.sendall(b)
BrokenPipeError: [Errno 32] Broken pipe

During handling of the above exception, another exception occurred:

Traceback (most recent call last):
  File "/Library/Developer/CommandLineTools/Library/Frameworks/Python3.framework/Versions/3.9/lib/python3.9/socketserver.py", line 683, in process_request_thread
    self.finish_request(request, client_address)
  File "/Library/Developer/CommandLineTools/Library/Frameworks/Python3.framework/Versions/3.9/lib/python3.9/socketserver.py", line 360, in finish_request
    self.RequestHandlerClass(request, client_address, self)
  File "/Library/Developer/CommandLineTools/Library/Frameworks/Python3.framework/Versions/3.9/lib/python3.9/socketserver.py", line 747, in __init__
    self.handle()
  File "/Library/Developer/CommandLineTools/Library/Frameworks/Python3.framework/Versions/3.9/lib/python3.9/http/server.py", line 434, in handle
    self.handle_one_request()
  File "/Library/Developer/CommandLineTools/Library/Frameworks/Python3.framework/Versions/3.9/lib/python3.9/http/server.py", line 422, in handle_one_request
    method()
  File "/Users/nothingtodo/IdeaProjects/seupd2526-nexa/code/scripts/translategemma_server.py", line 122, in do_POST
    self._send_json(500, {"error": str(exc)})
  File "/Users/nothingtodo/IdeaProjects/seupd2526-nexa/code/scripts/translategemma_server.py", line 132, in _send_json
    self.end_headers()
  File "/Library/Developer/CommandLineTools/Library/Frameworks/Python3.framework/Versions/3.9/lib/python3.9/http/server.py", line 536, in end_headers
    self.flush_headers()
  File "/Library/Developer/CommandLineTools/Library/Frameworks/Python3.framework/Versions/3.9/lib/python3.9/http/server.py", line 540, in flush_headers
    self.wfile.write(b"".join(self._headers_buffer))
  File "/Library/Developer/CommandLineTools/Library/Frameworks/Python3.framework/Versions/3.9/lib/python3.9/socketserver.py", line 826, in write
    self._sock.sendall(b)
BrokenPipeError: [Errno 32] Broken pipe
----------------------------------------
----------------------------------------
Exception occurred during processing of request from ('127.0.0.1', 49422)
Traceback (most recent call last):
  File "/Users/nothingtodo/IdeaProjects/seupd2526-nexa/code/scripts/translategemma_server.py", line 118, in do_POST
    self._send_json(200, {"translation": translation})
  File "/Users/nothingtodo/IdeaProjects/seupd2526-nexa/code/scripts/translategemma_server.py", line 132, in _send_json
    self.end_headers()
  File "/Library/Developer/CommandLineTools/Library/Frameworks/Python3.framework/Versions/3.9/lib/python3.9/http/server.py", line 536, in end_headers
    self.flush_headers()
  File "/Library/Developer/CommandLineTools/Library/Frameworks/Python3.framework/Versions/3.9/lib/python3.9/http/server.py", line 540, in flush_headers
    self.wfile.write(b"".join(self._headers_buffer))
  File "/Library/Developer/CommandLineTools/Library/Frameworks/Python3.framework/Versions/3.9/lib/python3.9/socketserver.py", line 826, in write
    self._sock.sendall(b)
BrokenPipeError: [Errno 32] Broken pipe

During handling of the above exception, another exception occurred:

Traceback (most recent call last):
  File "/Library/Developer/CommandLineTools/Library/Frameworks/Python3.framework/Versions/3.9/lib/python3.9/socketserver.py", line 683, in process_request_thread
    self.finish_request(request, client_address)
  File "/Library/Developer/CommandLineTools/Library/Frameworks/Python3.framework/Versions/3.9/lib/python3.9/socketserver.py", line 360, in finish_request
    self.RequestHandlerClass(request, client_address, self)
  File "/Library/Developer/CommandLineTools/Library/Frameworks/Python3.framework/Versions/3.9/lib/python3.9/socketserver.py", line 747, in __init__
    self.handle()
  File "/Library/Developer/CommandLineTools/Library/Frameworks/Python3.framework/Versions/3.9/lib/python3.9/http/server.py", line 434, in handle
    self.handle_one_request()
  File "/Library/Developer/CommandLineTools/Library/Frameworks/Python3.framework/Versions/3.9/lib/python3.9/http/server.py", line 422, in handle_one_request
    method()
  File "/Users/nothingtodo/IdeaProjects/seupd2526-nexa/code/scripts/translategemma_server.py", line 122, in do_POST
    self._send_json(500, {"error": str(exc)})
  File "/Users/nothingtodo/IdeaProjects/seupd2526-nexa/code/scripts/translategemma_server.py", line 132, in _send_json
    self.end_headers()
  File "/Library/Developer/CommandLineTools/Library/Frameworks/Python3.framework/Versions/3.9/lib/python3.9/http/server.py", line 536, in end_headers
    self.flush_headers()
  File "/Library/Developer/CommandLineTools/Library/Frameworks/Python3.framework/Versions/3.9/lib/python3.9/http/server.py", line 540, in flush_headers
    self.wfile.write(b"".join(self._headers_buffer))
  File "/Library/Developer/CommandLineTools/Library/Frameworks/Python3.framework/Versions/3.9/lib/python3.9/socketserver.py", line 826, in write
    self._sock.sendall(b)
BrokenPipeError: [Errno 32] Broken pipe
----------------------------------------
----------------------------------------
Exception occurred during processing of request from ('127.0.0.1', 49428)
Traceback (most recent call last):
  File "/Users/nothingtodo/IdeaProjects/seupd2526-nexa/code/scripts/translategemma_server.py", line 118, in do_POST
    self._send_json(200, {"translation": translation})
  File "/Users/nothingtodo/IdeaProjects/seupd2526-nexa/code/scripts/translategemma_server.py", line 132, in _send_json
    self.end_headers()
  File "/Library/Developer/CommandLineTools/Library/Frameworks/Python3.framework/Versions/3.9/lib/python3.9/http/server.py", line 536, in end_headers
    self.flush_headers()
  File "/Library/Developer/CommandLineTools/Library/Frameworks/Python3.framework/Versions/3.9/lib/python3.9/http/server.py", line 540, in flush_headers
    self.wfile.write(b"".join(self._headers_buffer))
  File "/Library/Developer/CommandLineTools/Library/Frameworks/Python3.framework/Versions/3.9/lib/python3.9/socketserver.py", line 826, in write
    self._sock.sendall(b)
BrokenPipeError: [Errno 32] Broken pipe

During handling of the above exception, another exception occurred:

Traceback (most recent call last):
  File "/Library/Developer/CommandLineTools/Library/Frameworks/Python3.framework/Versions/3.9/lib/python3.9/socketserver.py", line 683, in process_request_thread
    self.finish_request(request, client_address)
  File "/Library/Developer/CommandLineTools/Library/Frameworks/Python3.framework/Versions/3.9/lib/python3.9/socketserver.py", line 360, in finish_request
    self.RequestHandlerClass(request, client_address, self)
  File "/Library/Developer/CommandLineTools/Library/Frameworks/Python3.framework/Versions/3.9/lib/python3.9/socketserver.py", line 747, in __init__
    self.handle()
  File "/Library/Developer/CommandLineTools/Library/Frameworks/Python3.framework/Versions/3.9/lib/python3.9/http/server.py", line 434, in handle
    self.handle_one_request()
  File "/Library/Developer/CommandLineTools/Library/Frameworks/Python3.framework/Versions/3.9/lib/python3.9/http/server.py", line 422, in handle_one_request
    method()
  File "/Users/nothingtodo/IdeaProjects/seupd2526-nexa/code/scripts/translategemma_server.py", line 122, in do_POST
    self._send_json(500, {"error": str(exc)})
  File "/Users/nothingtodo/IdeaProjects/seupd2526-nexa/code/scripts/translategemma_server.py", line 132, in _send_json
    self.end_headers()
  File "/Library/Developer/CommandLineTools/Library/Frameworks/Python3.framework/Versions/3.9/lib/python3.9/http/server.py", line 536, in end_headers
    self.flush_headers()
  File "/Library/Developer/CommandLineTools/Library/Frameworks/Python3.framework/Versions/3.9/lib/python3.9/http/server.py", line 540, in flush_headers
    self.wfile.write(b"".join(self._headers_buffer))
  File "/Library/Developer/CommandLineTools/Library/Frameworks/Python3.framework/Versions/3.9/lib/python3.9/socketserver.py", line 826, in write
    self._sock.sendall(b)
BrokenPipeError: [Errno 32] Broken pipe
----------------------------------------
----------------------------------------
Exception occurred during processing of request from ('127.0.0.1', 49401)
Traceback (most recent call last):
  File "/Users/nothingtodo/IdeaProjects/seupd2526-nexa/code/scripts/translategemma_server.py", line 118, in do_POST
    self._send_json(200, {"translation": translation})
  File "/Users/nothingtodo/IdeaProjects/seupd2526-nexa/code/scripts/translategemma_server.py", line 132, in _send_json
    self.end_headers()
  File "/Library/Developer/CommandLineTools/Library/Frameworks/Python3.framework/Versions/3.9/lib/python3.9/http/server.py", line 536, in end_headers
    self.flush_headers()
  File "/Library/Developer/CommandLineTools/Library/Frameworks/Python3.framework/Versions/3.9/lib/python3.9/http/server.py", line 540, in flush_headers
    self.wfile.write(b"".join(self._headers_buffer))
  File "/Library/Developer/CommandLineTools/Library/Frameworks/Python3.framework/Versions/3.9/lib/python3.9/socketserver.py", line 826, in write
    self._sock.sendall(b)
BrokenPipeError: [Errno 32] Broken pipe

During handling of the above exception, another exception occurred:

Traceback (most recent call last):
  File "/Library/Developer/CommandLineTools/Library/Frameworks/Python3.framework/Versions/3.9/lib/python3.9/socketserver.py", line 683, in process_request_thread
    self.finish_request(request, client_address)
  File "/Library/Developer/CommandLineTools/Library/Frameworks/Python3.framework/Versions/3.9/lib/python3.9/socketserver.py", line 360, in finish_request
    self.RequestHandlerClass(request, client_address, self)
  File "/Library/Developer/CommandLineTools/Library/Frameworks/Python3.framework/Versions/3.9/lib/python3.9/socketserver.py", line 747, in __init__
    self.handle()
  File "/Library/Developer/CommandLineTools/Library/Frameworks/Python3.framework/Versions/3.9/lib/python3.9/http/server.py", line 434, in handle
    self.handle_one_request()
  File "/Library/Developer/CommandLineTools/Library/Frameworks/Python3.framework/Versions/3.9/lib/python3.9/http/server.py", line 422, in handle_one_request
    method()
  File "/Users/nothingtodo/IdeaProjects/seupd2526-nexa/code/scripts/translategemma_server.py", line 122, in do_POST
    self._send_json(500, {"error": str(exc)})
  File "/Users/nothingtodo/IdeaProjects/seupd2526-nexa/code/scripts/translategemma_server.py", line 132, in _send_json
    self.end_headers()
  File "/Library/Developer/CommandLineTools/Library/Frameworks/Python3.framework/Versions/3.9/lib/python3.9/http/server.py", line 536, in end_headers
    self.flush_headers()
  File "/Library/Developer/CommandLineTools/Library/Frameworks/Python3.framework/Versions/3.9/lib/python3.9/http/server.py", line 540, in flush_headers
    self.wfile.write(b"".join(self._headers_buffer))
  File "/Library/Developer/CommandLineTools/Library/Frameworks/Python3.framework/Versions/3.9/lib/python3.9/socketserver.py", line 826, in write
    self._sock.sendall(b)
BrokenPipeError: [Errno 32] Broken pipe
----------------------------------------
----------------------------------------
Exception occurred during processing of request from ('127.0.0.1', 49398)
Traceback (most recent call last):
  File "/Users/nothingtodo/IdeaProjects/seupd2526-nexa/code/scripts/translategemma_server.py", line 118, in do_POST
    self._send_json(200, {"translation": translation})
  File "/Users/nothingtodo/IdeaProjects/seupd2526-nexa/code/scripts/translategemma_server.py", line 132, in _send_json
    self.end_headers()
  File "/Library/Developer/CommandLineTools/Library/Frameworks/Python3.framework/Versions/3.9/lib/python3.9/http/server.py", line 536, in end_headers
    self.flush_headers()
  File "/Library/Developer/CommandLineTools/Library/Frameworks/Python3.framework/Versions/3.9/lib/python3.9/http/server.py", line 540, in flush_headers
    self.wfile.write(b"".join(self._headers_buffer))
  File "/Library/Developer/CommandLineTools/Library/Frameworks/Python3.framework/Versions/3.9/lib/python3.9/socketserver.py", line 826, in write
    self._sock.sendall(b)
BrokenPipeError: [Errno 32] Broken pipe

During handling of the above exception, another exception occurred:

Traceback (most recent call last):
  File "/Library/Developer/CommandLineTools/Library/Frameworks/Python3.framework/Versions/3.9/lib/python3.9/socketserver.py", line 683, in process_request_thread
    self.finish_request(request, client_address)
  File "/Library/Developer/CommandLineTools/Library/Frameworks/Python3.framework/Versions/3.9/lib/python3.9/socketserver.py", line 360, in finish_request
    self.RequestHandlerClass(request, client_address, self)
  File "/Library/Developer/CommandLineTools/Library/Frameworks/Python3.framework/Versions/3.9/lib/python3.9/socketserver.py", line 747, in __init__
    self.handle()
  File "/Library/Developer/CommandLineTools/Library/Frameworks/Python3.framework/Versions/3.9/lib/python3.9/http/server.py", line 434, in handle
    self.handle_one_request()
  File "/Library/Developer/CommandLineTools/Library/Frameworks/Python3.framework/Versions/3.9/lib/python3.9/http/server.py", line 422, in handle_one_request
    method()
  File "/Users/nothingtodo/IdeaProjects/seupd2526-nexa/code/scripts/translategemma_server.py", line 122, in do_POST
    self._send_json(500, {"error": str(exc)})
  File "/Users/nothingtodo/IdeaProjects/seupd2526-nexa/code/scripts/translategemma_server.py", line 132, in _send_json
    self.end_headers()
  File "/Library/Developer/CommandLineTools/Library/Frameworks/Python3.framework/Versions/3.9/lib/python3.9/http/server.py", line 536, in end_headers
    self.flush_headers()
  File "/Library/Developer/CommandLineTools/Library/Frameworks/Python3.framework/Versions/3.9/lib/python3.9/http/server.py", line 540, in flush_headers
    self.wfile.write(b"".join(self._headers_buffer))
  File "/Library/Developer/CommandLineTools/Library/Frameworks/Python3.framework/Versions/3.9/lib/python3.9/socketserver.py", line 826, in write
    self._sock.sendall(b)
BrokenPipeError: [Errno 32] Broken pipe
----------------------------------------
----------------------------------------
Exception occurred during processing of request from ('127.0.0.1', 49430)
Traceback (most recent call last):
  File "/Users/nothingtodo/IdeaProjects/seupd2526-nexa/code/scripts/translategemma_server.py", line 118, in do_POST
    self._send_json(200, {"translation": translation})
  File "/Users/nothingtodo/IdeaProjects/seupd2526-nexa/code/scripts/translategemma_server.py", line 132, in _send_json
    self.end_headers()
  File "/Library/Developer/CommandLineTools/Library/Frameworks/Python3.framework/Versions/3.9/lib/python3.9/http/server.py", line 536, in end_headers
    self.flush_headers()
  File "/Library/Developer/CommandLineTools/Library/Frameworks/Python3.framework/Versions/3.9/lib/python3.9/http/server.py", line 540, in flush_headers
    self.wfile.write(b"".join(self._headers_buffer))
  File "/Library/Developer/CommandLineTools/Library/Frameworks/Python3.framework/Versions/3.9/lib/python3.9/socketserver.py", line 826, in write
    self._sock.sendall(b)
BrokenPipeError: [Errno 32] Broken pipe

During handling of the above exception, another exception occurred:

Traceback (most recent call last):
  File "/Library/Developer/CommandLineTools/Library/Frameworks/Python3.framework/Versions/3.9/lib/python3.9/socketserver.py", line 683, in process_request_thread
    self.finish_request(request, client_address)
  File "/Library/Developer/CommandLineTools/Library/Frameworks/Python3.framework/Versions/3.9/lib/python3.9/socketserver.py", line 360, in finish_request
    self.RequestHandlerClass(request, client_address, self)
  File "/Library/Developer/CommandLineTools/Library/Frameworks/Python3.framework/Versions/3.9/lib/python3.9/socketserver.py", line 747, in __init__
    self.handle()
  File "/Library/Developer/CommandLineTools/Library/Frameworks/Python3.framework/Versions/3.9/lib/python3.9/http/server.py", line 434, in handle
    self.handle_one_request()
  File "/Library/Developer/CommandLineTools/Library/Frameworks/Python3.framework/Versions/3.9/lib/python3.9/http/server.py", line 422, in handle_one_request
    method()
  File "/Users/nothingtodo/IdeaProjects/seupd2526-nexa/code/scripts/translategemma_server.py", line 122, in do_POST
    self._send_json(500, {"error": str(exc)})
  File "/Users/nothingtodo/IdeaProjects/seupd2526-nexa/code/scripts/translategemma_server.py", line 132, in _send_json
    self.end_headers()
  File "/Library/Developer/CommandLineTools/Library/Frameworks/Python3.framework/Versions/3.9/lib/python3.9/http/server.py", line 536, in end_headers
    self.flush_headers()
  File "/Library/Developer/CommandLineTools/Library/Frameworks/Python3.framework/Versions/3.9/lib/python3.9/http/server.py", line 540, in flush_headers
    self.wfile.write(b"".join(self._headers_buffer))
  File "/Library/Developer/CommandLineTools/Library/Frameworks/Python3.framework/Versions/3.9/lib/python3.9/socketserver.py", line 826, in write
    self._sock.sendall(b)
BrokenPipeError: [Errno 32] Broken pipe
----------------------------------------
----------------------------------------
Exception occurred during processing of request from ('127.0.0.1', 49366)
Traceback (most recent call last):
  File "/Users/nothingtodo/IdeaProjects/seupd2526-nexa/code/scripts/translategemma_server.py", line 118, in do_POST
    self._send_json(200, {"translation": translation})
  File "/Users/nothingtodo/IdeaProjects/seupd2526-nexa/code/scripts/translategemma_server.py", line 132, in _send_json
    self.end_headers()
  File "/Library/Developer/CommandLineTools/Library/Frameworks/Python3.framework/Versions/3.9/lib/python3.9/http/server.py", line 536, in end_headers
    self.flush_headers()
  File "/Library/Developer/CommandLineTools/Library/Frameworks/Python3.framework/Versions/3.9/lib/python3.9/http/server.py", line 540, in flush_headers
    self.wfile.write(b"".join(self._headers_buffer))
  File "/Library/Developer/CommandLineTools/Library/Frameworks/Python3.framework/Versions/3.9/lib/python3.9/socketserver.py", line 826, in write
    self._sock.sendall(b)
BrokenPipeError: [Errno 32] Broken pipe

During handling of the above exception, another exception occurred:

Traceback (most recent call last):
  File "/Library/Developer/CommandLineTools/Library/Frameworks/Python3.framework/Versions/3.9/lib/python3.9/socketserver.py", line 683, in process_request_thread
    self.finish_request(request, client_address)
  File "/Library/Developer/CommandLineTools/Library/Frameworks/Python3.framework/Versions/3.9/lib/python3.9/socketserver.py", line 360, in finish_request
    self.RequestHandlerClass(request, client_address, self)
  File "/Library/Developer/CommandLineTools/Library/Frameworks/Python3.framework/Versions/3.9/lib/python3.9/socketserver.py", line 747, in __init__
    self.handle()
  File "/Library/Developer/CommandLineTools/Library/Frameworks/Python3.framework/Versions/3.9/lib/python3.9/http/server.py", line 434, in handle
    self.handle_one_request()
  File "/Library/Developer/CommandLineTools/Library/Frameworks/Python3.framework/Versions/3.9/lib/python3.9/http/server.py", line 422, in handle_one_request
    method()
  File "/Users/nothingtodo/IdeaProjects/seupd2526-nexa/code/scripts/translategemma_server.py", line 122, in do_POST
    self._send_json(500, {"error": str(exc)})
  File "/Users/nothingtodo/IdeaProjects/seupd2526-nexa/code/scripts/translategemma_server.py", line 132, in _send_json
    self.end_headers()
  File "/Library/Developer/CommandLineTools/Library/Frameworks/Python3.framework/Versions/3.9/lib/python3.9/http/server.py", line 536, in end_headers
    self.flush_headers()
  File "/Library/Developer/CommandLineTools/Library/Frameworks/Python3.framework/Versions/3.9/lib/python3.9/http/server.py", line 540, in flush_headers
    self.wfile.write(b"".join(self._headers_buffer))
  File "/Library/Developer/CommandLineTools/Library/Frameworks/Python3.framework/Versions/3.9/lib/python3.9/socketserver.py", line 826, in write
    self._sock.sendall(b)
BrokenPipeError: [Errno 32] Broken pipe
----------------------------------------
----------------------------------------
Exception occurred during processing of request from ('127.0.0.1', 49429)
Traceback (most recent call last):
  File "/Users/nothingtodo/IdeaProjects/seupd2526-nexa/code/scripts/translategemma_server.py", line 118, in do_POST
    self._send_json(200, {"translation": translation})
  File "/Users/nothingtodo/IdeaProjects/seupd2526-nexa/code/scripts/translategemma_server.py", line 132, in _send_json
    self.end_headers()
  File "/Library/Developer/CommandLineTools/Library/Frameworks/Python3.framework/Versions/3.9/lib/python3.9/http/server.py", line 536, in end_headers
    self.flush_headers()
  File "/Library/Developer/CommandLineTools/Library/Frameworks/Python3.framework/Versions/3.9/lib/python3.9/http/server.py", line 540, in flush_headers
    self.wfile.write(b"".join(self._headers_buffer))
  File "/Library/Developer/CommandLineTools/Library/Frameworks/Python3.framework/Versions/3.9/lib/python3.9/socketserver.py", line 826, in write
    self._sock.sendall(b)
BrokenPipeError: [Errno 32] Broken pipe

During handling of the above exception, another exception occurred:

Traceback (most recent call last):
  File "/Library/Developer/CommandLineTools/Library/Frameworks/Python3.framework/Versions/3.9/lib/python3.9/socketserver.py", line 683, in process_request_thread
    self.finish_request(request, client_address)
  File "/Library/Developer/CommandLineTools/Library/Frameworks/Python3.framework/Versions/3.9/lib/python3.9/socketserver.py", line 360, in finish_request
    self.RequestHandlerClass(request, client_address, self)
  File "/Library/Developer/CommandLineTools/Library/Frameworks/Python3.framework/Versions/3.9/lib/python3.9/socketserver.py", line 747, in __init__
    self.handle()
  File "/Library/Developer/CommandLineTools/Library/Frameworks/Python3.framework/Versions/3.9/lib/python3.9/http/server.py", line 434, in handle
    self.handle_one_request()
  File "/Library/Developer/CommandLineTools/Library/Frameworks/Python3.framework/Versions/3.9/lib/python3.9/http/server.py", line 422, in handle_one_request
    method()
  File "/Users/nothingtodo/IdeaProjects/seupd2526-nexa/code/scripts/translategemma_server.py", line 122, in do_POST
    self._send_json(500, {"error": str(exc)})
  File "/Users/nothingtodo/IdeaProjects/seupd2526-nexa/code/scripts/translategemma_server.py", line 132, in _send_json
    self.end_headers()
  File "/Library/Developer/CommandLineTools/Library/Frameworks/Python3.framework/Versions/3.9/lib/python3.9/http/server.py", line 536, in end_headers
    self.flush_headers()
  File "/Library/Developer/CommandLineTools/Library/Frameworks/Python3.framework/Versions/3.9/lib/python3.9/http/server.py", line 540, in flush_headers
    self.wfile.write(b"".join(self._headers_buffer))
  File "/Library/Developer/CommandLineTools/Library/Frameworks/Python3.framework/Versions/3.9/lib/python3.9/socketserver.py", line 826, in write
    self._sock.sendall(b)
BrokenPipeError: [Errno 32] Broken pipe
----------------------------------------
----------------------------------------
Exception occurred during processing of request from ('127.0.0.1', 49375)
Traceback (most recent call last):
  File "/Users/nothingtodo/IdeaProjects/seupd2526-nexa/code/scripts/translategemma_server.py", line 118, in do_POST
    self._send_json(200, {"translation": translation})
  File "/Users/nothingtodo/IdeaProjects/seupd2526-nexa/code/scripts/translategemma_server.py", line 132, in _send_json
    self.end_headers()
  File "/Library/Developer/CommandLineTools/Library/Frameworks/Python3.framework/Versions/3.9/lib/python3.9/http/server.py", line 536, in end_headers
    self.flush_headers()
  File "/Library/Developer/CommandLineTools/Library/Frameworks/Python3.framework/Versions/3.9/lib/python3.9/http/server.py", line 540, in flush_headers
    self.wfile.write(b"".join(self._headers_buffer))
  File "/Library/Developer/CommandLineTools/Library/Frameworks/Python3.framework/Versions/3.9/lib/python3.9/socketserver.py", line 826, in write
    self._sock.sendall(b)
BrokenPipeError: [Errno 32] Broken pipe

During handling of the above exception, another exception occurred:

Traceback (most recent call last):
  File "/Library/Developer/CommandLineTools/Library/Frameworks/Python3.framework/Versions/3.9/lib/python3.9/socketserver.py", line 683, in process_request_thread
    self.finish_request(request, client_address)
  File "/Library/Developer/CommandLineTools/Library/Frameworks/Python3.framework/Versions/3.9/lib/python3.9/socketserver.py", line 360, in finish_request
    self.RequestHandlerClass(request, client_address, self)
  File "/Library/Developer/CommandLineTools/Library/Frameworks/Python3.framework/Versions/3.9/lib/python3.9/socketserver.py", line 747, in __init__
    self.handle()
  File "/Library/Developer/CommandLineTools/Library/Frameworks/Python3.framework/Versions/3.9/lib/python3.9/http/server.py", line 434, in handle
    self.handle_one_request()
  File "/Library/Developer/CommandLineTools/Library/Frameworks/Python3.framework/Versions/3.9/lib/python3.9/http/server.py", line 422, in handle_one_request
    method()
  File "/Users/nothingtodo/IdeaProjects/seupd2526-nexa/code/scripts/translategemma_server.py", line 122, in do_POST
    self._send_json(500, {"error": str(exc)})
  File "/Users/nothingtodo/IdeaProjects/seupd2526-nexa/code/scripts/translategemma_server.py", line 132, in _send_json
    self.end_headers()
  File "/Library/Developer/CommandLineTools/Library/Frameworks/Python3.framework/Versions/3.9/lib/python3.9/http/server.py", line 536, in end_headers
    self.flush_headers()
  File "/Library/Developer/CommandLineTools/Library/Frameworks/Python3.framework/Versions/3.9/lib/python3.9/http/server.py", line 540, in flush_headers
    self.wfile.write(b"".join(self._headers_buffer))
  File "/Library/Developer/CommandLineTools/Library/Frameworks/Python3.framework/Versions/3.9/lib/python3.9/socketserver.py", line 826, in write
    self._sock.sendall(b)
BrokenPipeError: [Errno 32] Broken pipe
----------------------------------------
----------------------------------------
Exception occurred during processing of request from ('127.0.0.1', 49402)
Traceback (most recent call last):
  File "/Users/nothingtodo/IdeaProjects/seupd2526-nexa/code/scripts/translategemma_server.py", line 118, in do_POST
    self._send_json(200, {"translation": translation})
  File "/Users/nothingtodo/IdeaProjects/seupd2526-nexa/code/scripts/translategemma_server.py", line 132, in _send_json
    self.end_headers()
  File "/Library/Developer/CommandLineTools/Library/Frameworks/Python3.framework/Versions/3.9/lib/python3.9/http/server.py", line 536, in end_headers
    self.flush_headers()
  File "/Library/Developer/CommandLineTools/Library/Frameworks/Python3.framework/Versions/3.9/lib/python3.9/http/server.py", line 540, in flush_headers
    self.wfile.write(b"".join(self._headers_buffer))
  File "/Library/Developer/CommandLineTools/Library/Frameworks/Python3.framework/Versions/3.9/lib/python3.9/socketserver.py", line 826, in write
    self._sock.sendall(b)
BrokenPipeError: [Errno 32] Broken pipe

During handling of the above exception, another exception occurred:

Traceback (most recent call last):
  File "/Library/Developer/CommandLineTools/Library/Frameworks/Python3.framework/Versions/3.9/lib/python3.9/socketserver.py", line 683, in process_request_thread
    self.finish_request(request, client_address)
  File "/Library/Developer/CommandLineTools/Library/Frameworks/Python3.framework/Versions/3.9/lib/python3.9/socketserver.py", line 360, in finish_request
    self.RequestHandlerClass(request, client_address, self)
  File "/Library/Developer/CommandLineTools/Library/Frameworks/Python3.framework/Versions/3.9/lib/python3.9/socketserver.py", line 747, in __init__
    self.handle()
  File "/Library/Developer/CommandLineTools/Library/Frameworks/Python3.framework/Versions/3.9/lib/python3.9/http/server.py", line 434, in handle
    self.handle_one_request()
  File "/Library/Developer/CommandLineTools/Library/Frameworks/Python3.framework/Versions/3.9/lib/python3.9/http/server.py", line 422, in handle_one_request
    method()
  File "/Users/nothingtodo/IdeaProjects/seupd2526-nexa/code/scripts/translategemma_server.py", line 122, in do_POST
    self._send_json(500, {"error": str(exc)})
  File "/Users/nothingtodo/IdeaProjects/seupd2526-nexa/code/scripts/translategemma_server.py", line 132, in _send_json
    self.end_headers()
  File "/Library/Developer/CommandLineTools/Library/Frameworks/Python3.framework/Versions/3.9/lib/python3.9/http/server.py", line 536, in end_headers
    self.flush_headers()
  File "/Library/Developer/CommandLineTools/Library/Frameworks/Python3.framework/Versions/3.9/lib/python3.9/http/server.py", line 540, in flush_headers
    self.wfile.write(b"".join(self._headers_buffer))
  File "/Library/Developer/CommandLineTools/Library/Frameworks/Python3.framework/Versions/3.9/lib/python3.9/socketserver.py", line 826, in write
    self._sock.sendall(b)
BrokenPipeError: [Errno 32] Broken pipe
----------------------------------------
----------------------------------------
Exception occurred during processing of request from ('127.0.0.1', 49371)
Traceback (most recent call last):
  File "/Users/nothingtodo/IdeaProjects/seupd2526-nexa/code/scripts/translategemma_server.py", line 118, in do_POST
    self._send_json(200, {"translation": translation})
  File "/Users/nothingtodo/IdeaProjects/seupd2526-nexa/code/scripts/translategemma_server.py", line 132, in _send_json
    self.end_headers()
  File "/Library/Developer/CommandLineTools/Library/Frameworks/Python3.framework/Versions/3.9/lib/python3.9/http/server.py", line 536, in end_headers
    self.flush_headers()
  File "/Library/Developer/CommandLineTools/Library/Frameworks/Python3.framework/Versions/3.9/lib/python3.9/http/server.py", line 540, in flush_headers
    self.wfile.write(b"".join(self._headers_buffer))
  File "/Library/Developer/CommandLineTools/Library/Frameworks/Python3.framework/Versions/3.9/lib/python3.9/socketserver.py", line 826, in write
    self._sock.sendall(b)
BrokenPipeError: [Errno 32] Broken pipe

During handling of the above exception, another exception occurred:

Traceback (most recent call last):
  File "/Library/Developer/CommandLineTools/Library/Frameworks/Python3.framework/Versions/3.9/lib/python3.9/socketserver.py", line 683, in process_request_thread
    self.finish_request(request, client_address)
  File "/Library/Developer/CommandLineTools/Library/Frameworks/Python3.framework/Versions/3.9/lib/python3.9/socketserver.py", line 360, in finish_request
    self.RequestHandlerClass(request, client_address, self)
  File "/Library/Developer/CommandLineTools/Library/Frameworks/Python3.framework/Versions/3.9/lib/python3.9/socketserver.py", line 747, in __init__
    self.handle()
  File "/Library/Developer/CommandLineTools/Library/Frameworks/Python3.framework/Versions/3.9/lib/python3.9/http/server.py", line 434, in handle
    self.handle_one_request()
  File "/Library/Developer/CommandLineTools/Library/Frameworks/Python3.framework/Versions/3.9/lib/python3.9/http/server.py", line 422, in handle_one_request
    method()
  File "/Users/nothingtodo/IdeaProjects/seupd2526-nexa/code/scripts/translategemma_server.py", line 122, in do_POST
    self._send_json(500, {"error": str(exc)})
  File "/Users/nothingtodo/IdeaProjects/seupd2526-nexa/code/scripts/translategemma_server.py", line 132, in _send_json
    self.end_headers()
  File "/Library/Developer/CommandLineTools/Library/Frameworks/Python3.framework/Versions/3.9/lib/python3.9/http/server.py", line 536, in end_headers
    self.flush_headers()
  File "/Library/Developer/CommandLineTools/Library/Frameworks/Python3.framework/Versions/3.9/lib/python3.9/http/server.py", line 540, in flush_headers
    self.wfile.write(b"".join(self._headers_buffer))
  File "/Library/Developer/CommandLineTools/Library/Frameworks/Python3.framework/Versions/3.9/lib/python3.9/socketserver.py", line 826, in write
    self._sock.sendall(b)
BrokenPipeError: [Errno 32] Broken pipe
----------------------------------------
----------------------------------------
Exception occurred during processing of request from ('127.0.0.1', 49433)
Traceback (most recent call last):
  File "/Users/nothingtodo/IdeaProjects/seupd2526-nexa/code/scripts/translategemma_server.py", line 118, in do_POST
    self._send_json(200, {"translation": translation})
  File "/Users/nothingtodo/IdeaProjects/seupd2526-nexa/code/scripts/translategemma_server.py", line 132, in _send_json
    self.end_headers()
  File "/Library/Developer/CommandLineTools/Library/Frameworks/Python3.framework/Versions/3.9/lib/python3.9/http/server.py", line 536, in end_headers
    self.flush_headers()
  File "/Library/Developer/CommandLineTools/Library/Frameworks/Python3.framework/Versions/3.9/lib/python3.9/http/server.py", line 540, in flush_headers
    self.wfile.write(b"".join(self._headers_buffer))
  File "/Library/Developer/CommandLineTools/Library/Frameworks/Python3.framework/Versions/3.9/lib/python3.9/socketserver.py", line 826, in write
    self._sock.sendall(b)
BrokenPipeError: [Errno 32] Broken pipe

During handling of the above exception, another exception occurred:

Traceback (most recent call last):
  File "/Library/Developer/CommandLineTools/Library/Frameworks/Python3.framework/Versions/3.9/lib/python3.9/socketserver.py", line 683, in process_request_thread
    self.finish_request(request, client_address)
  File "/Library/Developer/CommandLineTools/Library/Frameworks/Python3.framework/Versions/3.9/lib/python3.9/socketserver.py", line 360, in finish_request
    self.RequestHandlerClass(request, client_address, self)
  File "/Library/Developer/CommandLineTools/Library/Frameworks/Python3.framework/Versions/3.9/lib/python3.9/socketserver.py", line 747, in __init__
    self.handle()
  File "/Library/Developer/CommandLineTools/Library/Frameworks/Python3.framework/Versions/3.9/lib/python3.9/http/server.py", line 434, in handle
    self.handle_one_request()
  File "/Library/Developer/CommandLineTools/Library/Frameworks/Python3.framework/Versions/3.9/lib/python3.9/http/server.py", line 422, in handle_one_request
    method()
  File "/Users/nothingtodo/IdeaProjects/seupd2526-nexa/code/scripts/translategemma_server.py", line 122, in do_POST
    self._send_json(500, {"error": str(exc)})
  File "/Users/nothingtodo/IdeaProjects/seupd2526-nexa/code/scripts/translategemma_server.py", line 132, in _send_json
    self.end_headers()
  File "/Library/Developer/CommandLineTools/Library/Frameworks/Python3.framework/Versions/3.9/lib/python3.9/http/server.py", line 536, in end_headers
    self.flush_headers()
  File "/Library/Developer/CommandLineTools/Library/Frameworks/Python3.framework/Versions/3.9/lib/python3.9/http/server.py", line 540, in flush_headers
    self.wfile.write(b"".join(self._headers_buffer))
  File "/Library/Developer/CommandLineTools/Library/Frameworks/Python3.framework/Versions/3.9/lib/python3.9/socketserver.py", line 826, in write
    self._sock.sendall(b)
BrokenPipeError: [Errno 32] Broken pipe
----------------------------------------
----------------------------------------
Exception occurred during processing of request from ('127.0.0.1', 49411)
Traceback (most recent call last):
  File "/Users/nothingtodo/IdeaProjects/seupd2526-nexa/code/scripts/translategemma_server.py", line 118, in do_POST
    self._send_json(200, {"translation": translation})
  File "/Users/nothingtodo/IdeaProjects/seupd2526-nexa/code/scripts/translategemma_server.py", line 132, in _send_json
    self.end_headers()
  File "/Library/Developer/CommandLineTools/Library/Frameworks/Python3.framework/Versions/3.9/lib/python3.9/http/server.py", line 536, in end_headers
    self.flush_headers()
  File "/Library/Developer/CommandLineTools/Library/Frameworks/Python3.framework/Versions/3.9/lib/python3.9/http/server.py", line 540, in flush_headers
    self.wfile.write(b"".join(self._headers_buffer))
  File "/Library/Developer/CommandLineTools/Library/Frameworks/Python3.framework/Versions/3.9/lib/python3.9/socketserver.py", line 826, in write
    self._sock.sendall(b)
BrokenPipeError: [Errno 32] Broken pipe

During handling of the above exception, another exception occurred:

Traceback (most recent call last):
  File "/Library/Developer/CommandLineTools/Library/Frameworks/Python3.framework/Versions/3.9/lib/python3.9/socketserver.py", line 683, in process_request_thread
    self.finish_request(request, client_address)
  File "/Library/Developer/CommandLineTools/Library/Frameworks/Python3.framework/Versions/3.9/lib/python3.9/socketserver.py", line 360, in finish_request
    self.RequestHandlerClass(request, client_address, self)
  File "/Library/Developer/CommandLineTools/Library/Frameworks/Python3.framework/Versions/3.9/lib/python3.9/socketserver.py", line 747, in __init__
    self.handle()
  File "/Library/Developer/CommandLineTools/Library/Frameworks/Python3.framework/Versions/3.9/lib/python3.9/http/server.py", line 434, in handle
    self.handle_one_request()
  File "/Library/Developer/CommandLineTools/Library/Frameworks/Python3.framework/Versions/3.9/lib/python3.9/http/server.py", line 422, in handle_one_request
    method()
  File "/Users/nothingtodo/IdeaProjects/seupd2526-nexa/code/scripts/translategemma_server.py", line 122, in do_POST
    self._send_json(500, {"error": str(exc)})
  File "/Users/nothingtodo/IdeaProjects/seupd2526-nexa/code/scripts/translategemma_server.py", line 132, in _send_json
    self.end_headers()
  File "/Library/Developer/CommandLineTools/Library/Frameworks/Python3.framework/Versions/3.9/lib/python3.9/http/server.py", line 536, in end_headers
    self.flush_headers()
  File "/Library/Developer/CommandLineTools/Library/Frameworks/Python3.framework/Versions/3.9/lib/python3.9/http/server.py", line 540, in flush_headers
    self.wfile.write(b"".join(self._headers_buffer))
  File "/Library/Developer/CommandLineTools/Library/Frameworks/Python3.framework/Versions/3.9/lib/python3.9/socketserver.py", line 826, in write
    self._sock.sendall(b)
BrokenPipeError: [Errno 32] Broken pipe
----------------------------------------
----------------------------------------
Exception occurred during processing of request from ('127.0.0.1', 49385)
Traceback (most recent call last):
  File "/Users/nothingtodo/IdeaProjects/seupd2526-nexa/code/scripts/translategemma_server.py", line 118, in do_POST
    self._send_json(200, {"translation": translation})
  File "/Users/nothingtodo/IdeaProjects/seupd2526-nexa/code/scripts/translategemma_server.py", line 132, in _send_json
    self.end_headers()
  File "/Library/Developer/CommandLineTools/Library/Frameworks/Python3.framework/Versions/3.9/lib/python3.9/http/server.py", line 536, in end_headers
    self.flush_headers()
  File "/Library/Developer/CommandLineTools/Library/Frameworks/Python3.framework/Versions/3.9/lib/python3.9/http/server.py", line 540, in flush_headers
    self.wfile.write(b"".join(self._headers_buffer))
  File "/Library/Developer/CommandLineTools/Library/Frameworks/Python3.framework/Versions/3.9/lib/python3.9/socketserver.py", line 826, in write
    self._sock.sendall(b)
BrokenPipeError: [Errno 32] Broken pipe

During handling of the above exception, another exception occurred:

Traceback (most recent call last):
  File "/Library/Developer/CommandLineTools/Library/Frameworks/Python3.framework/Versions/3.9/lib/python3.9/socketserver.py", line 683, in process_request_thread
    self.finish_request(request, client_address)
  File "/Library/Developer/CommandLineTools/Library/Frameworks/Python3.framework/Versions/3.9/lib/python3.9/socketserver.py", line 360, in finish_request
    self.RequestHandlerClass(request, client_address, self)
  File "/Library/Developer/CommandLineTools/Library/Frameworks/Python3.framework/Versions/3.9/lib/python3.9/socketserver.py", line 747, in __init__
    self.handle()
  File "/Library/Developer/CommandLineTools/Library/Frameworks/Python3.framework/Versions/3.9/lib/python3.9/http/server.py", line 434, in handle
    self.handle_one_request()
  File "/Library/Developer/CommandLineTools/Library/Frameworks/Python3.framework/Versions/3.9/lib/python3.9/http/server.py", line 422, in handle_one_request
    method()
  File "/Users/nothingtodo/IdeaProjects/seupd2526-nexa/code/scripts/translategemma_server.py", line 122, in do_POST
    self._send_json(500, {"error": str(exc)})
  File "/Users/nothingtodo/IdeaProjects/seupd2526-nexa/code/scripts/translategemma_server.py", line 132, in _send_json
    self.end_headers()
  File "/Library/Developer/CommandLineTools/Library/Frameworks/Python3.framework/Versions/3.9/lib/python3.9/http/server.py", line 536, in end_headers
    self.flush_headers()
  File "/Library/Developer/CommandLineTools/Library/Frameworks/Python3.framework/Versions/3.9/lib/python3.9/http/server.py", line 540, in flush_headers
    self.wfile.write(b"".join(self._headers_buffer))
  File "/Library/Developer/CommandLineTools/Library/Frameworks/Python3.framework/Versions/3.9/lib/python3.9/socketserver.py", line 826, in write
    self._sock.sendall(b)
BrokenPipeError: [Errno 32] Broken pipe
----------------------------------------
----------------------------------------
Exception occurred during processing of request from ('127.0.0.1', 49442)
Traceback (most recent call last):
  File "/Users/nothingtodo/IdeaProjects/seupd2526-nexa/code/scripts/translategemma_server.py", line 118, in do_POST
    self._send_json(200, {"translation": translation})
  File "/Users/nothingtodo/IdeaProjects/seupd2526-nexa/code/scripts/translategemma_server.py", line 132, in _send_json
    self.end_headers()
  File "/Library/Developer/CommandLineTools/Library/Frameworks/Python3.framework/Versions/3.9/lib/python3.9/http/server.py", line 536, in end_headers
    self.flush_headers()
  File "/Library/Developer/CommandLineTools/Library/Frameworks/Python3.framework/Versions/3.9/lib/python3.9/http/server.py", line 540, in flush_headers
    self.wfile.write(b"".join(self._headers_buffer))
  File "/Library/Developer/CommandLineTools/Library/Frameworks/Python3.framework/Versions/3.9/lib/python3.9/socketserver.py", line 826, in write
    self._sock.sendall(b)
BrokenPipeError: [Errno 32] Broken pipe

During handling of the above exception, another exception occurred:

Traceback (most recent call last):
  File "/Library/Developer/CommandLineTools/Library/Frameworks/Python3.framework/Versions/3.9/lib/python3.9/socketserver.py", line 683, in process_request_thread
    self.finish_request(request, client_address)
  File "/Library/Developer/CommandLineTools/Library/Frameworks/Python3.framework/Versions/3.9/lib/python3.9/socketserver.py", line 360, in finish_request
    self.RequestHandlerClass(request, client_address, self)
  File "/Library/Developer/CommandLineTools/Library/Frameworks/Python3.framework/Versions/3.9/lib/python3.9/socketserver.py", line 747, in __init__
    self.handle()
  File "/Library/Developer/CommandLineTools/Library/Frameworks/Python3.framework/Versions/3.9/lib/python3.9/http/server.py", line 434, in handle
    self.handle_one_request()
  File "/Library/Developer/CommandLineTools/Library/Frameworks/Python3.framework/Versions/3.9/lib/python3.9/http/server.py", line 422, in handle_one_request
    method()
  File "/Users/nothingtodo/IdeaProjects/seupd2526-nexa/code/scripts/translategemma_server.py", line 122, in do_POST
    self._send_json(500, {"error": str(exc)})
  File "/Users/nothingtodo/IdeaProjects/seupd2526-nexa/code/scripts/translategemma_server.py", line 132, in _send_json
    self.end_headers()
  File "/Library/Developer/CommandLineTools/Library/Frameworks/Python3.framework/Versions/3.9/lib/python3.9/http/server.py", line 536, in end_headers
    self.flush_headers()
  File "/Library/Developer/CommandLineTools/Library/Frameworks/Python3.framework/Versions/3.9/lib/python3.9/http/server.py", line 540, in flush_headers
    self.wfile.write(b"".join(self._headers_buffer))
  File "/Library/Developer/CommandLineTools/Library/Frameworks/Python3.framework/Versions/3.9/lib/python3.9/socketserver.py", line 826, in write
    self._sock.sendall(b)
BrokenPipeError: [Errno 32] Broken pipe
----------------------------------------
----------------------------------------
Exception occurred during processing of request from ('127.0.0.1', 49406)
Traceback (most recent call last):
  File "/Users/nothingtodo/IdeaProjects/seupd2526-nexa/code/scripts/translategemma_server.py", line 118, in do_POST
    self._send_json(200, {"translation": translation})
  File "/Users/nothingtodo/IdeaProjects/seupd2526-nexa/code/scripts/translategemma_server.py", line 132, in _send_json
    self.end_headers()
  File "/Library/Developer/CommandLineTools/Library/Frameworks/Python3.framework/Versions/3.9/lib/python3.9/http/server.py", line 536, in end_headers
    self.flush_headers()
  File "/Library/Developer/CommandLineTools/Library/Frameworks/Python3.framework/Versions/3.9/lib/python3.9/http/server.py", line 540, in flush_headers
    self.wfile.write(b"".join(self._headers_buffer))
  File "/Library/Developer/CommandLineTools/Library/Frameworks/Python3.framework/Versions/3.9/lib/python3.9/socketserver.py", line 826, in write
    self._sock.sendall(b)
BrokenPipeError: [Errno 32] Broken pipe

During handling of the above exception, another exception occurred:

Traceback (most recent call last):
  File "/Library/Developer/CommandLineTools/Library/Frameworks/Python3.framework/Versions/3.9/lib/python3.9/socketserver.py", line 683, in process_request_thread
    self.finish_request(request, client_address)
  File "/Library/Developer/CommandLineTools/Library/Frameworks/Python3.framework/Versions/3.9/lib/python3.9/socketserver.py", line 360, in finish_request
    self.RequestHandlerClass(request, client_address, self)
  File "/Library/Developer/CommandLineTools/Library/Frameworks/Python3.framework/Versions/3.9/lib/python3.9/socketserver.py", line 747, in __init__
    self.handle()
  File "/Library/Developer/CommandLineTools/Library/Frameworks/Python3.framework/Versions/3.9/lib/python3.9/http/server.py", line 434, in handle
    self.handle_one_request()
  File "/Library/Developer/CommandLineTools/Library/Frameworks/Python3.framework/Versions/3.9/lib/python3.9/http/server.py", line 422, in handle_one_request
    method()
  File "/Users/nothingtodo/IdeaProjects/seupd2526-nexa/code/scripts/translategemma_server.py", line 122, in do_POST
    self._send_json(500, {"error": str(exc)})
  File "/Users/nothingtodo/IdeaProjects/seupd2526-nexa/code/scripts/translategemma_server.py", line 132, in _send_json
    self.end_headers()
  File "/Library/Developer/CommandLineTools/Library/Frameworks/Python3.framework/Versions/3.9/lib/python3.9/http/server.py", line 536, in end_headers
    self.flush_headers()
  File "/Library/Developer/CommandLineTools/Library/Frameworks/Python3.framework/Versions/3.9/lib/python3.9/http/server.py", line 540, in flush_headers
    self.wfile.write(b"".join(self._headers_buffer))
  File "/Library/Developer/CommandLineTools/Library/Frameworks/Python3.framework/Versions/3.9/lib/python3.9/socketserver.py", line 826, in write
    self._sock.sendall(b)
BrokenPipeError: [Errno 32] Broken pipe
----------------------------------------
----------------------------------------
Exception occurred during processing of request from ('127.0.0.1', 49438)
Traceback (most recent call last):
  File "/Users/nothingtodo/IdeaProjects/seupd2526-nexa/code/scripts/translategemma_server.py", line 118, in do_POST
    self._send_json(200, {"translation": translation})
  File "/Users/nothingtodo/IdeaProjects/seupd2526-nexa/code/scripts/translategemma_server.py", line 132, in _send_json
    self.end_headers()
  File "/Library/Developer/CommandLineTools/Library/Frameworks/Python3.framework/Versions/3.9/lib/python3.9/http/server.py", line 536, in end_headers
    self.flush_headers()
  File "/Library/Developer/CommandLineTools/Library/Frameworks/Python3.framework/Versions/3.9/lib/python3.9/http/server.py", line 540, in flush_headers
    self.wfile.write(b"".join(self._headers_buffer))
  File "/Library/Developer/CommandLineTools/Library/Frameworks/Python3.framework/Versions/3.9/lib/python3.9/socketserver.py", line 826, in write
    self._sock.sendall(b)
BrokenPipeError: [Errno 32] Broken pipe

During handling of the above exception, another exception occurred:

Traceback (most recent call last):
  File "/Library/Developer/CommandLineTools/Library/Frameworks/Python3.framework/Versions/3.9/lib/python3.9/socketserver.py", line 683, in process_request_thread
    self.finish_request(request, client_address)
  File "/Library/Developer/CommandLineTools/Library/Frameworks/Python3.framework/Versions/3.9/lib/python3.9/socketserver.py", line 360, in finish_request
    self.RequestHandlerClass(request, client_address, self)
  File "/Library/Developer/CommandLineTools/Library/Frameworks/Python3.framework/Versions/3.9/lib/python3.9/socketserver.py", line 747, in __init__
    self.handle()
  File "/Library/Developer/CommandLineTools/Library/Frameworks/Python3.framework/Versions/3.9/lib/python3.9/http/server.py", line 434, in handle
    self.handle_one_request()
  File "/Library/Developer/CommandLineTools/Library/Frameworks/Python3.framework/Versions/3.9/lib/python3.9/http/server.py", line 422, in handle_one_request
    method()
  File "/Users/nothingtodo/IdeaProjects/seupd2526-nexa/code/scripts/translategemma_server.py", line 122, in do_POST
    self._send_json(500, {"error": str(exc)})
  File "/Users/nothingtodo/IdeaProjects/seupd2526-nexa/code/scripts/translategemma_server.py", line 132, in _send_json
    self.end_headers()
  File "/Library/Developer/CommandLineTools/Library/Frameworks/Python3.framework/Versions/3.9/lib/python3.9/http/server.py", line 536, in end_headers
    self.flush_headers()
  File "/Library/Developer/CommandLineTools/Library/Frameworks/Python3.framework/Versions/3.9/lib/python3.9/http/server.py", line 540, in flush_headers
    self.wfile.write(b"".join(self._headers_buffer))
  File "/Library/Developer/CommandLineTools/Library/Frameworks/Python3.framework/Versions/3.9/lib/python3.9/socketserver.py", line 826, in write
    self._sock.sendall(b)
BrokenPipeError: [Errno 32] Broken pipe
----------------------------------------
----------------------------------------
Exception occurred during processing of request from ('127.0.0.1', 49416)
Traceback (most recent call last):
  File "/Users/nothingtodo/IdeaProjects/seupd2526-nexa/code/scripts/translategemma_server.py", line 118, in do_POST
    self._send_json(200, {"translation": translation})
  File "/Users/nothingtodo/IdeaProjects/seupd2526-nexa/code/scripts/translategemma_server.py", line 132, in _send_json
    self.end_headers()
  File "/Library/Developer/CommandLineTools/Library/Frameworks/Python3.framework/Versions/3.9/lib/python3.9/http/server.py", line 536, in end_headers
    self.flush_headers()
  File "/Library/Developer/CommandLineTools/Library/Frameworks/Python3.framework/Versions/3.9/lib/python3.9/http/server.py", line 540, in flush_headers
    self.wfile.write(b"".join(self._headers_buffer))
  File "/Library/Developer/CommandLineTools/Library/Frameworks/Python3.framework/Versions/3.9/lib/python3.9/socketserver.py", line 826, in write
    self._sock.sendall(b)
BrokenPipeError: [Errno 32] Broken pipe

During handling of the above exception, another exception occurred:

Traceback (most recent call last):
  File "/Library/Developer/CommandLineTools/Library/Frameworks/Python3.framework/Versions/3.9/lib/python3.9/socketserver.py", line 683, in process_request_thread
    self.finish_request(request, client_address)
  File "/Library/Developer/CommandLineTools/Library/Frameworks/Python3.framework/Versions/3.9/lib/python3.9/socketserver.py", line 360, in finish_request
    self.RequestHandlerClass(request, client_address, self)
  File "/Library/Developer/CommandLineTools/Library/Frameworks/Python3.framework/Versions/3.9/lib/python3.9/socketserver.py", line 747, in __init__
    self.handle()
  File "/Library/Developer/CommandLineTools/Library/Frameworks/Python3.framework/Versions/3.9/lib/python3.9/http/server.py", line 434, in handle
    self.handle_one_request()
  File "/Library/Developer/CommandLineTools/Library/Frameworks/Python3.framework/Versions/3.9/lib/python3.9/http/server.py", line 422, in handle_one_request
    method()
  File "/Users/nothingtodo/IdeaProjects/seupd2526-nexa/code/scripts/translategemma_server.py", line 122, in do_POST
    self._send_json(500, {"error": str(exc)})
  File "/Users/nothingtodo/IdeaProjects/seupd2526-nexa/code/scripts/translategemma_server.py", line 132, in _send_json
    self.end_headers()
  File "/Library/Developer/CommandLineTools/Library/Frameworks/Python3.framework/Versions/3.9/lib/python3.9/http/server.py", line 536, in end_headers
    self.flush_headers()
  File "/Library/Developer/CommandLineTools/Library/Frameworks/Python3.framework/Versions/3.9/lib/python3.9/http/server.py", line 540, in flush_headers
    self.wfile.write(b"".join(self._headers_buffer))
  File "/Library/Developer/CommandLineTools/Library/Frameworks/Python3.framework/Versions/3.9/lib/python3.9/socketserver.py", line 826, in write
    self._sock.sendall(b)
BrokenPipeError: [Errno 32] Broken pipe
----------------------------------------
----------------------------------------
Exception occurred during processing of request from ('127.0.0.1', 49447)
Traceback (most recent call last):
  File "/Users/nothingtodo/IdeaProjects/seupd2526-nexa/code/scripts/translategemma_server.py", line 118, in do_POST
    self._send_json(200, {"translation": translation})
  File "/Users/nothingtodo/IdeaProjects/seupd2526-nexa/code/scripts/translategemma_server.py", line 132, in _send_json
    self.end_headers()
  File "/Library/Developer/CommandLineTools/Library/Frameworks/Python3.framework/Versions/3.9/lib/python3.9/http/server.py", line 536, in end_headers
    self.flush_headers()
  File "/Library/Developer/CommandLineTools/Library/Frameworks/Python3.framework/Versions/3.9/lib/python3.9/http/server.py", line 540, in flush_headers
    self.wfile.write(b"".join(self._headers_buffer))
  File "/Library/Developer/CommandLineTools/Library/Frameworks/Python3.framework/Versions/3.9/lib/python3.9/socketserver.py", line 826, in write
    self._sock.sendall(b)
BrokenPipeError: [Errno 32] Broken pipe

During handling of the above exception, another exception occurred:

Traceback (most recent call last):
  File "/Library/Developer/CommandLineTools/Library/Frameworks/Python3.framework/Versions/3.9/lib/python3.9/socketserver.py", line 683, in process_request_thread
    self.finish_request(request, client_address)
  File "/Library/Developer/CommandLineTools/Library/Frameworks/Python3.framework/Versions/3.9/lib/python3.9/socketserver.py", line 360, in finish_request
    self.RequestHandlerClass(request, client_address, self)
  File "/Library/Developer/CommandLineTools/Library/Frameworks/Python3.framework/Versions/3.9/lib/python3.9/socketserver.py", line 747, in __init__
    self.handle()
  File "/Library/Developer/CommandLineTools/Library/Frameworks/Python3.framework/Versions/3.9/lib/python3.9/http/server.py", line 434, in handle
    self.handle_one_request()
  File "/Library/Developer/CommandLineTools/Library/Frameworks/Python3.framework/Versions/3.9/lib/python3.9/http/server.py", line 422, in handle_one_request
    method()
  File "/Users/nothingtodo/IdeaProjects/seupd2526-nexa/code/scripts/translategemma_server.py", line 122, in do_POST
    self._send_json(500, {"error": str(exc)})
  File "/Users/nothingtodo/IdeaProjects/seupd2526-nexa/code/scripts/translategemma_server.py", line 132, in _send_json
    self.end_headers()
  File "/Library/Developer/CommandLineTools/Library/Frameworks/Python3.framework/Versions/3.9/lib/python3.9/http/server.py", line 536, in end_headers
    self.flush_headers()
  File "/Library/Developer/CommandLineTools/Library/Frameworks/Python3.framework/Versions/3.9/lib/python3.9/http/server.py", line 540, in flush_headers
    self.wfile.write(b"".join(self._headers_buffer))
  File "/Library/Developer/CommandLineTools/Library/Frameworks/Python3.framework/Versions/3.9/lib/python3.9/socketserver.py", line 826, in write
    self._sock.sendall(b)
BrokenPipeError: [Errno 32] Broken pipe
----------------------------------------
Setting `pad_token_id` to `eos_token_id`:1 for open-end generation.
Setting `pad_token_id` to `eos_token_id`:1 for open-end generation.
Setting `pad_token_id` to `eos_token_id`:1 for open-end generation.
Setting `pad_token_id` to `eos_token_id`:1 for open-end generation.
Setting `pad_token_id` to `eos_token_id`:1 for open-end generation.
Setting `pad_token_id` to `eos_token_id`:1 for open-end generation.
Setting `pad_token_id` to `eos_token_id`:1 for open-end generation.
Setting `pad_token_id` to `eos_token_id`:1 for open-end generation.
Setting `pad_token_id` to `eos_token_id`:1 for open-end generation.
Setting `pad_token_id` to `eos_token_id`:1 for open-end generation.
Setting `pad_token_id` to `eos_token_id`:1 for open-end generation.
Setting `pad_token_id` to `eos_token_id`:1 for open-end generation.
Setting `pad_token_id` to `eos_token_id`:1 for open-end generation.
Setting `pad_token_id` to `eos_token_id`:1 for open-end generation.
Setting `pad_token_id` to `eos_token_id`:1 for open-end generation.
Setting `pad_token_id` to `eos_token_id`:1 for open-end generation.
Setting `pad_token_id` to `eos_token_id`:1 for open-end generation.
Setting `pad_token_id` to `eos_token_id`:1 for open-end generation.
Setting `pad_token_id` to `eos_token_id`:1 for open-end generation.
----------------------------------------
Exception occurred during processing of request from ('127.0.0.1', 50251)
Traceback (most recent call last):
  File "/Users/nothingtodo/IdeaProjects/seupd2526-nexa/code/scripts/translategemma_server.py", line 118, in do_POST
    self._send_json(200, {"translation": translation})
  File "/Users/nothingtodo/IdeaProjects/seupd2526-nexa/code/scripts/translategemma_server.py", line 132, in _send_json
    self.end_headers()
  File "/Library/Developer/CommandLineTools/Library/Frameworks/Python3.framework/Versions/3.9/lib/python3.9/http/server.py", line 536, in end_headers
    self.flush_headers()
  File "/Library/Developer/CommandLineTools/Library/Frameworks/Python3.framework/Versions/3.9/lib/python3.9/http/server.py", line 540, in flush_headers
    self.wfile.write(b"".join(self._headers_buffer))
  File "/Library/Developer/CommandLineTools/Library/Frameworks/Python3.framework/Versions/3.9/lib/python3.9/socketserver.py", line 826, in write
    self._sock.sendall(b)
BrokenPipeError: [Errno 32] Broken pipe

During handling of the above exception, another exception occurred:

Traceback (most recent call last):
  File "/Library/Developer/CommandLineTools/Library/Frameworks/Python3.framework/Versions/3.9/lib/python3.9/socketserver.py", line 683, in process_request_thread
    self.finish_request(request, client_address)
  File "/Library/Developer/CommandLineTools/Library/Frameworks/Python3.framework/Versions/3.9/lib/python3.9/socketserver.py", line 360, in finish_request
    self.RequestHandlerClass(request, client_address, self)
  File "/Library/Developer/CommandLineTools/Library/Frameworks/Python3.framework/Versions/3.9/lib/python3.9/socketserver.py", line 747, in __init__
    self.handle()
  File "/Library/Developer/CommandLineTools/Library/Frameworks/Python3.framework/Versions/3.9/lib/python3.9/http/server.py", line 434, in handle
    self.handle_one_request()
  File "/Library/Developer/CommandLineTools/Library/Frameworks/Python3.framework/Versions/3.9/lib/python3.9/http/server.py", line 422, in handle_one_request
    method()
  File "/Users/nothingtodo/IdeaProjects/seupd2526-nexa/code/scripts/translategemma_server.py", line 122, in do_POST
    self._send_json(500, {"error": str(exc)})
  File "/Users/nothingtodo/IdeaProjects/seupd2526-nexa/code/scripts/translategemma_server.py", line 132, in _send_json
    self.end_headers()
  File "/Library/Developer/CommandLineTools/Library/Frameworks/Python3.framework/Versions/3.9/lib/python3.9/http/server.py", line 536, in end_headers
    self.flush_headers()
  File "/Library/Developer/CommandLineTools/Library/Frameworks/Python3.framework/Versions/3.9/lib/python3.9/http/server.py", line 540, in flush_headers
    self.wfile.write(b"".join(self._headers_buffer))
  File "/Library/Developer/CommandLineTools/Library/Frameworks/Python3.framework/Versions/3.9/lib/python3.9/socketserver.py", line 826, in write
    self._sock.sendall(b)
BrokenPipeError: [Errno 32] Broken pipe
----------------------------------------
----------------------------------------
Exception occurred during processing of request from ('127.0.0.1', 50263)
Traceback (most recent call last):
  File "/Users/nothingtodo/IdeaProjects/seupd2526-nexa/code/scripts/translategemma_server.py", line 118, in do_POST
    self._send_json(200, {"translation": translation})
  File "/Users/nothingtodo/IdeaProjects/seupd2526-nexa/code/scripts/translategemma_server.py", line 132, in _send_json
    self.end_headers()
  File "/Library/Developer/CommandLineTools/Library/Frameworks/Python3.framework/Versions/3.9/lib/python3.9/http/server.py", line 536, in end_headers
    self.flush_headers()
  File "/Library/Developer/CommandLineTools/Library/Frameworks/Python3.framework/Versions/3.9/lib/python3.9/http/server.py", line 540, in flush_headers
    self.wfile.write(b"".join(self._headers_buffer))
  File "/Library/Developer/CommandLineTools/Library/Frameworks/Python3.framework/Versions/3.9/lib/python3.9/socketserver.py", line 826, in write
    self._sock.sendall(b)
BrokenPipeError: [Errno 32] Broken pipe

During handling of the above exception, another exception occurred:

Traceback (most recent call last):
  File "/Library/Developer/CommandLineTools/Library/Frameworks/Python3.framework/Versions/3.9/lib/python3.9/socketserver.py", line 683, in process_request_thread
    self.finish_request(request, client_address)
  File "/Library/Developer/CommandLineTools/Library/Frameworks/Python3.framework/Versions/3.9/lib/python3.9/socketserver.py", line 360, in finish_request
    self.RequestHandlerClass(request, client_address, self)
  File "/Library/Developer/CommandLineTools/Library/Frameworks/Python3.framework/Versions/3.9/lib/python3.9/socketserver.py", line 747, in __init__
    self.handle()
  File "/Library/Developer/CommandLineTools/Library/Frameworks/Python3.framework/Versions/3.9/lib/python3.9/http/server.py", line 434, in handle
    self.handle_one_request()
  File "/Library/Developer/CommandLineTools/Library/Frameworks/Python3.framework/Versions/3.9/lib/python3.9/http/server.py", line 422, in handle_one_request
    method()
  File "/Users/nothingtodo/IdeaProjects/seupd2526-nexa/code/scripts/translategemma_server.py", line 122, in do_POST
    self._send_json(500, {"error": str(exc)})
  File "/Users/nothingtodo/IdeaProjects/seupd2526-nexa/code/scripts/translategemma_server.py", line 132, in _send_json
    self.end_headers()
  File "/Library/Developer/CommandLineTools/Library/Frameworks/Python3.framework/Versions/3.9/lib/python3.9/http/server.py", line 536, in end_headers
    self.flush_headers()
  File "/Library/Developer/CommandLineTools/Library/Frameworks/Python3.framework/Versions/3.9/lib/python3.9/http/server.py", line 540, in flush_headers
    self.wfile.write(b"".join(self._headers_buffer))
  File "/Library/Developer/CommandLineTools/Library/Frameworks/Python3.framework/Versions/3.9/lib/python3.9/socketserver.py", line 826, in write
    self._sock.sendall(b)
BrokenPipeError: [Errno 32] Broken pipe
----------------------------------------
----------------------------------------
Exception occurred during processing of request from ('127.0.0.1', 50254)
Traceback (most recent call last):
  File "/Users/nothingtodo/IdeaProjects/seupd2526-nexa/code/scripts/translategemma_server.py", line 118, in do_POST
    self._send_json(200, {"translation": translation})
  File "/Users/nothingtodo/IdeaProjects/seupd2526-nexa/code/scripts/translategemma_server.py", line 132, in _send_json
    self.end_headers()
  File "/Library/Developer/CommandLineTools/Library/Frameworks/Python3.framework/Versions/3.9/lib/python3.9/http/server.py", line 536, in end_headers
    self.flush_headers()
  File "/Library/Developer/CommandLineTools/Library/Frameworks/Python3.framework/Versions/3.9/lib/python3.9/http/server.py", line 540, in flush_headers
    self.wfile.write(b"".join(self._headers_buffer))
  File "/Library/Developer/CommandLineTools/Library/Frameworks/Python3.framework/Versions/3.9/lib/python3.9/socketserver.py", line 826, in write
    self._sock.sendall(b)
BrokenPipeError: [Errno 32] Broken pipe

During handling of the above exception, another exception occurred:

Traceback (most recent call last):
  File "/Library/Developer/CommandLineTools/Library/Frameworks/Python3.framework/Versions/3.9/lib/python3.9/socketserver.py", line 683, in process_request_thread
    self.finish_request(request, client_address)
  File "/Library/Developer/CommandLineTools/Library/Frameworks/Python3.framework/Versions/3.9/lib/python3.9/socketserver.py", line 360, in finish_request
    self.RequestHandlerClass(request, client_address, self)
  File "/Library/Developer/CommandLineTools/Library/Frameworks/Python3.framework/Versions/3.9/lib/python3.9/socketserver.py", line 747, in __init__
    self.handle()
  File "/Library/Developer/CommandLineTools/Library/Frameworks/Python3.framework/Versions/3.9/lib/python3.9/http/server.py", line 434, in handle
    self.handle_one_request()
  File "/Library/Developer/CommandLineTools/Library/Frameworks/Python3.framework/Versions/3.9/lib/python3.9/http/server.py", line 422, in handle_one_request
    method()
  File "/Users/nothingtodo/IdeaProjects/seupd2526-nexa/code/scripts/translategemma_server.py", line 122, in do_POST
    self._send_json(500, {"error": str(exc)})
  File "/Users/nothingtodo/IdeaProjects/seupd2526-nexa/code/scripts/translategemma_server.py", line 132, in _send_json
    self.end_headers()
  File "/Library/Developer/CommandLineTools/Library/Frameworks/Python3.framework/Versions/3.9/lib/python3.9/http/server.py", line 536, in end_headers
    self.flush_headers()
  File "/Library/Developer/CommandLineTools/Library/Frameworks/Python3.framework/Versions/3.9/lib/python3.9/http/server.py", line 540, in flush_headers
    self.wfile.write(b"".join(self._headers_buffer))
  File "/Library/Developer/CommandLineTools/Library/Frameworks/Python3.framework/Versions/3.9/lib/python3.9/socketserver.py", line 826, in write
    self._sock.sendall(b)
BrokenPipeError: [Errno 32] Broken pipe
----------------------------------------
----------------------------------------
Exception occurred during processing of request from ('127.0.0.1', 50304)
Traceback (most recent call last):
  File "/Users/nothingtodo/IdeaProjects/seupd2526-nexa/code/scripts/translategemma_server.py", line 118, in do_POST
    self._send_json(200, {"translation": translation})
  File "/Users/nothingtodo/IdeaProjects/seupd2526-nexa/code/scripts/translategemma_server.py", line 132, in _send_json
    self.end_headers()
  File "/Library/Developer/CommandLineTools/Library/Frameworks/Python3.framework/Versions/3.9/lib/python3.9/http/server.py", line 536, in end_headers
    self.flush_headers()
  File "/Library/Developer/CommandLineTools/Library/Frameworks/Python3.framework/Versions/3.9/lib/python3.9/http/server.py", line 540, in flush_headers
    self.wfile.write(b"".join(self._headers_buffer))
  File "/Library/Developer/CommandLineTools/Library/Frameworks/Python3.framework/Versions/3.9/lib/python3.9/socketserver.py", line 826, in write
    self._sock.sendall(b)
BrokenPipeError: [Errno 32] Broken pipe

During handling of the above exception, another exception occurred:

Traceback (most recent call last):
  File "/Library/Developer/CommandLineTools/Library/Frameworks/Python3.framework/Versions/3.9/lib/python3.9/socketserver.py", line 683, in process_request_thread
    self.finish_request(request, client_address)
  File "/Library/Developer/CommandLineTools/Library/Frameworks/Python3.framework/Versions/3.9/lib/python3.9/socketserver.py", line 360, in finish_request
    self.RequestHandlerClass(request, client_address, self)
  File "/Library/Developer/CommandLineTools/Library/Frameworks/Python3.framework/Versions/3.9/lib/python3.9/socketserver.py", line 747, in __init__
    self.handle()
  File "/Library/Developer/CommandLineTools/Library/Frameworks/Python3.framework/Versions/3.9/lib/python3.9/http/server.py", line 434, in handle
    self.handle_one_request()
  File "/Library/Developer/CommandLineTools/Library/Frameworks/Python3.framework/Versions/3.9/lib/python3.9/http/server.py", line 422, in handle_one_request
    method()
  File "/Users/nothingtodo/IdeaProjects/seupd2526-nexa/code/scripts/translategemma_server.py", line 122, in do_POST
    self._send_json(500, {"error": str(exc)})
  File "/Users/nothingtodo/IdeaProjects/seupd2526-nexa/code/scripts/translategemma_server.py", line 132, in _send_json
    self.end_headers()
  File "/Library/Developer/CommandLineTools/Library/Frameworks/Python3.framework/Versions/3.9/lib/python3.9/http/server.py", line 536, in end_headers
    self.flush_headers()
  File "/Library/Developer/CommandLineTools/Library/Frameworks/Python3.framework/Versions/3.9/lib/python3.9/http/server.py", line 540, in flush_headers
    self.wfile.write(b"".join(self._headers_buffer))
  File "/Library/Developer/CommandLineTools/Library/Frameworks/Python3.framework/Versions/3.9/lib/python3.9/socketserver.py", line 826, in write
    self._sock.sendall(b)
BrokenPipeError: [Errno 32] Broken pipe
----------------------------------------
